Pipe_ID,Pressure_PSI,Flow_GPM,Velocity_FPS,Temperature_F,Pipe_Age_Years,Pipe_Material,Soil_Corrosivity,Leak_Class
P-1861,38.7,206.4,8,77,10,PVC,Low,1
P-354,64.2,89.5,4.2,66,3,HDPE,Low,0
P-1334,72.5,118.6,4.8,80,6,HDPE,Medium,0
P-906,65.2,121.3,3.3,76,4,Steel,High,0
P-1290,54.2,105.7,3.9,56,4,Steel,Low,0
P-1274,63.4,120.8,3.1,61,3,HDPE,High,0
P-939,66.2,85.4,4.6,82,2,HDPE,Medium,0
P-1732,36.5,195.2,8.1,50,16,Cast Iron,High,1
P-066,71.8,101.3,3.2,71,6,Cast Iron,Medium,0
P-1324,67.4,113.9,3.6,56,7,HDPE,Medium,0
P-057,60.8,102.9,3.7,71,2,Steel,Medium,0
P-1293,65,129.2,3.9,81,7,Steel,Medium,0
P-1119,66,125.7,4.4,72,7,Steel,Medium,0
P-585,65.9,126.4,4.4,67,3,PVC,High,0
P-375,75.8,126.8,3.7,81,3,HDPE,Low,0
P-276,67.3,93.7,3.5,77,7,HDPE,High,0
P-747,65.9,113.6,4.9,51,1,PVC,Low,0
P-129,65.5,120.7,3.6,74,1,HDPE,Low,0
P-1647,38.1,227.8,7.3,52,26,PVC,Low,1
P-1853,28.1,258.9,8.7,61,23,PVC,High,1
P-675,58,94.9,4.3,75,6,PVC,Low,0
P-1665,53,255.8,9.8,64,15,PVC,Low,1
P-1982,26.2,269.2,8.2,72,24,HDPE,Medium,1
P-1084,75.4,93.2,3.1,80,6,PVC,High,0
P-1923,29.3,209.6,9.7,56,22,HDPE,Medium,1
P-100,63.8,122.3,4.1,75,9,HDPE,Medium,0
P-1180,59.5,117.7,3.3,83,9,Steel,Medium,0
P-965,64.6,128.3,4.4,59,5,HDPE,Low,0
P-793,66.4,103.8,4.4,84,7,PVC,High,0
P-030,63.5,102.6,4.2,67,8,PVC,Low,0
P-629,65.3,103.4,3.6,72,1,Steel,Low,0
P-945,74.2,114.9,3.3,66,6,Cast Iron,High,0
P-573,66.6,105.5,4.2,76,5,PVC,Medium,0
P-908,68.7,93,4.2,84,6,Steel,Low,0
P-1081,63.3,128,3.1,75,2,HDPE,Low,0
P-451,64.7,96.3,4.3,82,6,HDPE,Medium,0
P-1610,37.5,207.5,7.3,69,27,HDPE,High,1
P-1291,66.9,131.3,3.5,78,3,Steel,Medium,0
P-1079,72.5,113.5,4.2,66,6,PVC,Low,0
P-255,57.4,91.2,3.2,69,7,Steel,Low,0
P-125,67.9,110.3,4.5,74,9,PVC,Low,0
P-1928,37.1,233.9,8.7,82,11,PVC,Medium,1
P-252,69.6,132.7,5,66,6,HDPE,Medium,0
P-586,66.2,100.6,4.7,50,2,PVC,Medium,0
P-1569,57.2,113.4,4.5,52,4,HDPE,High,0
P-825,62.8,109.2,4.8,77,3,Cast Iron,Low,0
P-508,60.7,128.7,3.9,74,9,PVC,Medium,0
P-890,70.5,115.7,4.9,71,3,Cast Iron,Low,0
P-071,66.8,124.5,4.2,62,8,Cast Iron,Medium,0
P-1609,43.2,179.5,8.8,53,21,PVC,High,1
P-1533,66.6,108.4,4,76,7,PVC,Medium,0
P-248,61.7,90,4.2,68,2,HDPE,Low,0
P-1451,66.5,102.8,4.6,79,8,Cast Iron,Medium,0
P-213,69.8,123.2,3.9,71,2,Cast Iron,Low,0
P-910,75.8,128.9,3,58,8,PVC,Low,0
P-1742,38.3,235.6,9.3,65,11,Cast Iron,High,1
P-1245,61.8,107.4,4.4,73,6,HDPE,Low,0
P-1697,30,202.8,9.6,61,12,Steel,Low,1
P-1183,69.6,93.4,3.8,51,8,PVC,Low,0
P-362,72.7,89.7,3.1,54,6,PVC,High,0
P-1474,65.1,94.1,3.2,50,4,Cast Iron,Medium,0
P-679,69.7,111.4,3.5,78,5,PVC,High,0
P-1622,25.6,230.5,9.3,72,26,PVC,Low,1
P-1090,64,112.2,3.6,74,6,PVC,Low,0
P-1988,45.2,203.6,9.7,60,29,PVC,Medium,1
P-1848,31.3,206.1,7.9,77,28,PVC,Low,1
P-988,69.4,111.4,4.7,54,2,PVC,Low,0
P-1513,61.4,135.7,4.3,63,8,HDPE,Low,0
P-112,64.9,107.6,4.9,70,3,Cast Iron,Low,0
P-1488,56.2,120,4.9,75,3,PVC,Low,0
P-1454,78,101.6,5,71,2,PVC,Low,0
P-384,62.4,109.3,3.4,52,9,HDPE,Low,0
P-1396,65.9,89.2,3.1,70,4,HDPE,High,0
P-1055,62.2,136,4,59,5,PVC,Low,0
P-756,78.2,103.2,3.1,63,1,HDPE,Low,0
P-325,60,109.9,3.2,51,3,Steel,Low,0
P-1624,33.3,221.4,9.1,78,23,PVC,Low,1
P-788,67.3,90.6,4.2,54,5,PVC,Low,0
P-369,65.5,93.3,3.9,50,8,HDPE,Low,0
P-1820,30.1,184.5,9.7,74,28,PVC,Low,1
P-070,61.8,123.9,3.3,58,7,Cast Iron,Medium,0
P-858,67.4,106.5,4.8,63,9,HDPE,Medium,0
P-1484,63,109,4.4,54,3,HDPE,High,0
P-1556,66.8,109.5,4.4,63,4,PVC,Low,0
P-1692,35.3,245.2,7.5,50,13,HDPE,Low,1
P-1475,61.1,99.2,4.1,53,5,HDPE,High,0
P-1799,50.8,190.2,8.3,69,18,HDPE,Low,1
P-479,80.4,89.9,3.5,82,6,PVC,Medium,0
P-282,68.3,99.8,4.1,80,8,HDPE,Medium,0
P-1648,49.9,226.4,7.5,70,11,Steel,Low,1
P-1557,69.6,119.6,4.1,61,7,Cast Iron,Low,0
P-1730,58.4,150.5,6.9,83,18,HDPE,Low,1
P-211,67.9,91.2,3.4,55,8,Steel,Medium,0
P-298,66.5,131,3.3,69,1,PVC,Low,0
P-1885,39.7,218.1,8.4,65,26,Cast Iron,Medium,1
P-1834,42.9,177.3,6.7,76,19,HDPE,Medium,1
P-652,70.6,132.8,3.3,80,3,PVC,Medium,0
P-1234,77.9,138.7,3.9,82,2,Cast Iron,Medium,0
P-1503,60.9,110.7,3.2,52,7,Steel,Low,0
P-1932,45,265.8,9.2,52,20,HDPE,Low,1
P-917,68,107.4,4.3,72,2,PVC,High,0
P-994,61.6,106.8,4.6,75,5,Steel,Low,0
P-430,56.2,105,3.1,78,4,Steel,Low,0
P-1371,64.1,108.8,4.4,62,9,PVC,Low,0
P-240,69.3,120.3,4.2,73,4,PVC,Medium,0
P-880,70.9,107.2,3.3,53,1,HDPE,Low,0
P-621,61,120.6,4.4,78,4,Cast Iron,Medium,0
P-257,71.3,123.3,3.9,53,7,PVC,High,0
P-612,64.7,92.9,3.4,57,6,HDPE,Low,0
P-545,52.6,146.4,4.8,81,7,PVC,Medium,0
P-772,62.2,98.8,3,55,8,Cast Iron,Medium,0
P-1420,67.5,102,3.6,65,8,Cast Iron,Low,0
P-1042,62.7,112.4,4.1,80,4,HDPE,Low,0
P-1790,53.4,259.1,9.7,51,22,PVC,Medium,1
P-760,68.5,119.3,3.9,81,3,PVC,Low,0
P-383,54.4,115.2,4.4,66,9,Cast Iron,High,0
P-1104,64.3,126.1,4.1,53,2,PVC,Low,0
P-974,61.7,139.8,4.5,75,6,PVC,Low,0
P-353,69.3,120.3,3.9,68,8,Cast Iron,Low,0
P-1606,30.5,196.3,7.4,84,21,HDPE,Low,1
P-1826,44.4,255.2,6.5,82,26,Cast Iron,High,1
P-1037,58.9,104.9,3.4,75,7,Steel,Low,0
P-1108,59.7,118.6,3.6,56,8,PVC,High,0
P-495,72.6,91.2,4.4,65,5,HDPE,Low,0
P-394,74.2,100.2,4,68,5,PVC,Low,0
P-1547,60,120.3,4,71,5,Cast Iron,Low,0
P-465,64.4,123,3.3,54,7,HDPE,Low,0
P-887,67.9,102.1,4.5,51,1,HDPE,High,0
P-1194,66.6,100.7,4,65,8,Cast Iron,Medium,0
P-367,66.1,102,3.1,53,3,HDPE,Medium,0
P-1894,38.9,162.8,6.9,57,29,HDPE,High,1
P-1874,47.8,175.7,9.2,70,12,Cast Iron,Low,1
P-745,67.6,72.1,3.2,58,4,Steel,Low,0
P-530,60.5,93,3.6,52,5,Cast Iron,Low,0
P-803,65.5,115.2,3.8,71,6,HDPE,Medium,0
P-1224,67.1,120.4,4.8,50,3,PVC,Medium,0
P-1979,32.3,237,9.6,52,24,PVC,Low,1
P-1906,44.5,210.3,9.4,51,16,PVC,Medium,1
P-1700,41.8,213.3,9.5,78,18,PVC,High,1
P-1545,62,130.6,3.4,82,1,PVC,Low,0
P-1314,67.8,94.8,4.3,66,3,PVC,Low,0
P-307,71.4,119.1,4.6,65,2,PVC,High,0
P-1667,30,241.9,7.3,68,16,HDPE,Low,1
P-863,72.7,93.5,3.8,62,6,HDPE,Medium,0
P-1567,65.3,113.4,3.2,56,5,PVC,Low,0
P-531,68.2,117.1,3.3,72,7,PVC,Low,0
P-655,77.9,100.1,3.4,73,2,Cast Iron,High,0
P-1260,64.7,131.5,4.4,66,5,Cast Iron,Low,0
P-234,61.7,123.4,4.1,82,5,Cast Iron,Low,0
P-121,69,146.2,4.5,53,4,HDPE,Low,0
P-1698,33.2,230,7.6,75,19,PVC,Medium,1
P-950,66.2,85.5,4.7,69,9,Cast Iron,Medium,0
P-618,68.6,111.2,4.3,71,5,PVC,Low,0
P-1179,60.1,124.6,3.9,75,2,Steel,Low,0
P-308,62,107.3,3.5,65,3,PVC,Medium,0
P-136,72.7,101.4,3.9,67,6,PVC,Low,0
P-555,66.7,97,3.9,83,7,PVC,Low,0
P-1674,30.8,244.6,10,50,23,PVC,Medium,1
P-584,76.4,128.4,3.3,67,7,PVC,Low,0
P-1641,40.2,205.1,9,60,15,PVC,Low,1
P-671,71.2,99.5,4.7,62,6,PVC,Low,0
P-835,64.8,106.3,3.9,80,2,Cast Iron,Low,0
P-110,64.6,119,4.7,61,5,PVC,Low,0
P-1165,70.1,92.7,4.3,68,9,HDPE,Medium,0
P-1960,42.2,225.6,7.5,81,18,PVC,Medium,1
P-1465,62.1,112.6,4.3,73,4,HDPE,Medium,0
P-1729,43.7,184,6.7,58,24,PVC,Low,1
P-1243,62.1,85,3.6,65,3,PVC,Low,0
P-212,70.7,119.1,4.8,62,7,HDPE,High,0
P-1768,38.2,259.1,9.9,59,16,HDPE,Low,1
P-1121,70.5,102.7,4.6,83,8,PVC,Low,0
P-680,71.4,106,4.6,54,8,PVC,Medium,0
P-1951,22.3,235.5,9.9,62,15,PVC,Low,1
P-1839,39.7,191,8,57,25,Cast Iron,Low,1
P-412,59.4,133.1,4.5,70,6,HDPE,Medium,0
P-1325,65.3,126.6,4,63,4,Cast Iron,High,0
P-783,66.9,92,3.8,72,8,HDPE,High,0
P-1346,57.6,134.4,4.8,61,1,PVC,Low,0
P-875,64.8,109.5,3.7,55,2,Steel,Medium,0
P-1653,41.9,233.3,8.6,69,11,HDPE,Low,1
P-1279,66,111.2,3,64,6,HDPE,High,0
P-786,70.4,104.7,3,50,7,PVC,Low,0
P-1819,37.9,208.1,8.1,77,29,PVC,High,1
P-1199,66.1,104.4,3.7,74,2,Cast Iron,Low,0
P-808,62.6,97.5,4,82,3,Steel,Low,0
P-713,62.3,117.5,3,63,3,PVC,Low,0
P-1991,48,169.3,8.9,80,27,HDPE,High,1
P-1660,51.4,286.4,7.3,80,12,PVC,Low,1
P-1191,65.5,103.9,3.3,71,1,HDPE,Low,0
P-1226,64.4,95.2,3.2,82,9,PVC,Low,0
P-603,69.3,100.5,4.9,71,9,Steel,Medium,0
P-271,72.2,115.2,3.2,58,4,PVC,Low,0
P-1385,68.7,126.6,4.2,65,2,Steel,High,0
P-232,66.1,121.9,4.8,62,8,Cast Iron,High,0
P-050,56.2,112.3,4.8,72,2,PVC,Low,0
P-463,61.5,117.2,3.3,56,6,HDPE,High,0
P-1106,59.8,115.4,3.3,70,9,Cast Iron,Low,0
P-856,62.1,102.3,4.3,71,6,HDPE,Medium,0
P-694,68.1,108,4.5,50,1,PVC,High,0
P-1552,64,86.5,4.1,62,8,PVC,Low,0
P-1873,36.9,187.1,8.5,71,27,HDPE,Low,1
P-527,56.9,116.3,4.3,53,3,HDPE,Low,0
P-174,66.7,112.3,4.2,65,5,Cast Iron,Medium,0
P-721,66.5,139.3,4.9,58,7,Steel,Low,0
P-415,66.7,125.3,3.5,73,3,Cast Iron,High,0
P-238,65.9,95.7,4.8,61,7,PVC,Medium,0
P-1473,64.3,110.8,4,72,8,Cast Iron,High,0
P-1336,63.3,89.9,3.6,58,2,Steel,Low,0
P-1064,56.3,102.1,3.2,57,4,PVC,Low,0
P-024,57.9,90.4,3.9,77,2,Steel,Medium,0
P-1767,61.7,190.7,7.1,80,23,Steel,High,1
P-064,59,108.5,3.8,72,7,Cast Iron,Medium,0
P-290,61.9,131.3,3.5,59,9,Cast Iron,High,0
P-189,60.8,103.6,3.4,73,7,Cast Iron,Low,0
P-702,70.2,126.4,4.4,82,6,HDPE,Low,0
P-1815,37.3,182.1,7.2,84,28,PVC,Low,1
P-1138,58.9,94.7,3.1,62,8,HDPE,Low,0
P-355,64.9,128.2,5,75,1,HDPE,Medium,0
P-417,72.8,118.3,4.2,78,1,HDPE,Medium,0
P-1246,58.9,121.6,4.2,62,1,Steel,Medium,0
P-931,62.2,123,4.7,56,8,HDPE,Low,0
P-197,60.6,116.4,4.7,78,7,PVC,Medium,0
P-580,70.7,136.4,4.4,61,9,Steel,Medium,0
P-1135,63.8,110.6,3.5,65,6,HDPE,Low,0
P-1814,49,222.9,9.8,83,28,PVC,Medium,1
P-1935,66.4,221.8,8.4,71,25,HDPE,Low,1
P-434,68.6,107.4,3.4,65,6,PVC,High,0
P-101,57.9,115.6,3,67,4,PVC,High,0
P-1655,43.4,224.5,7.7,75,13,PVC,Medium,1
P-395,70.9,108.7,4.6,78,2,Steel,High,0
P-1939,50.9,209.5,7.4,59,21,Steel,High,1
P-221,76.6,104.6,3.1,56,1,Cast Iron,Low,0
P-1676,36.8,222.2,6.8,66,19,Steel,Low,1
P-1498,71,109.3,3.8,74,1,HDPE,Medium,0
P-1785,40.8,233.9,8.7,71,16,Steel,Low,1
P-345,62.6,77.7,3.7,65,9,PVC,Low,0
P-1028,65.6,116.7,4.7,53,7,PVC,Low,0
P-889,68,104.2,3.8,78,1,PVC,Medium,0
P-1351,59.1,102.2,3.1,69,2,Cast Iron,Low,0
P-553,70.8,138.1,3.1,81,5,Steel,Low,0
P-744,65.1,118.4,3.1,57,1,PVC,High,0
P-1542,73.9,131.8,3.1,79,2,Cast Iron,Low,0
P-539,70,91.3,3.2,53,3,Cast Iron,Low,0
P-907,58.2,103.8,4.1,84,8,PVC,Low,0
P-1395,63.2,139.6,4.1,66,9,PVC,Low,0
P-116,66.5,102.3,3.7,75,7,PVC,Medium,0
P-830,63.6,104.5,4.1,84,3,Steel,Low,0
P-1938,44.7,180,7.2,72,10,HDPE,Low,1
P-809,71.3,123.7,3.4,53,9,HDPE,Medium,0
P-1311,64.9,92.3,3.1,67,4,PVC,Low,0
P-1005,68.5,118.3,3.6,84,1,HDPE,High,0
P-306,65.6,156.6,3.7,53,6,Cast Iron,Low,0
P-1101,70,99.4,3.1,71,3,HDPE,High,0
P-480,70.6,120.4,3.8,82,2,Cast Iron,Medium,0
P-1424,60.8,116.3,3.3,53,3,Cast Iron,High,0
P-1076,62.5,137.3,4,76,6,PVC,High,0
P-571,65.1,110.6,3.7,58,6,PVC,High,0
P-619,67.4,116.9,3.5,58,4,HDPE,Medium,0
P-1898,56,241.3,8.1,84,10,HDPE,High,1
P-1266,57.9,139.1,3.4,56,2,HDPE,Medium,0
P-079,65.5,107.9,3.6,84,5,Steel,Medium,0
P-1912,62.3,226.6,9.4,68,27,HDPE,Medium,1
P-033,64.9,117.1,3.6,63,1,HDPE,Low,0
P-1538,62.3,97.8,3.6,65,9,HDPE,Medium,0
P-1034,68.2,95.3,3.4,60,2,PVC,Low,0
P-1563,52.9,77.2,4.3,53,5,HDPE,High,0
P-352,72.4,119.3,3.8,65,4,Steel,Low,0
P-164,60.9,127.1,3,62,6,Cast Iron,Low,0
P-204,70.3,90.6,3.5,70,6,Cast Iron,Low,0
P-1054,66.3,98.2,4.6,70,1,HDPE,Low,0
P-1365,71,99.4,4.1,65,3,Steel,Low,0
P-1967,38,229.3,8.4,73,17,HDPE,High,1
P-496,67.7,122.2,4.5,73,5,Cast Iron,Medium,0
P-1625,58.7,276.9,8.8,64,25,Steel,High,1
P-1966,40.9,230.9,8.1,58,13,Cast Iron,Medium,1
P-1963,45.2,221.5,8.1,71,29,Cast Iron,Low,1
P-611,68.3,119.8,4.8,62,6,HDPE,High,0
P-433,63.7,109.6,3.6,80,4,Steel,Low,0
P-1492,77.8,106.8,4.2,81,8,HDPE,Low,0
P-219,62.6,141.5,3.6,81,2,PVC,Low,0
P-1931,27.7,240.1,9.4,81,23,HDPE,Low,1
P-1466,67.9,89.9,4.8,54,9,PVC,High,0
P-631,56.5,114.4,4.1,72,2,Steel,Low,0
P-1382,62.6,127.9,3.6,58,6,HDPE,Low,0
P-1302,70,95.9,4.8,62,1,PVC,Low,0
P-060,69.9,112.9,4,75,3,HDPE,Medium,0
P-299,69.1,119.8,3.8,66,4,PVC,High,0
P-1711,51.1,176.9,8.3,57,21,PVC,High,1
P-074,72.8,113,4.8,82,6,Cast Iron,High,0
P-163,70.8,117.5,4,64,4,PVC,High,0
P-1275,71.1,96.3,3.5,70,5,PVC,Low,0
P-1594,69.5,87.8,4.5,55,1,PVC,Low,0
P-1434,62.1,108.5,4.6,80,8,PVC,Low,0
P-1613,48.8,214.6,8.9,82,25,Cast Iron,Low,1
P-592,62.6,103.1,4.2,68,7,HDPE,Low,0
P-317,68.4,122.6,4.1,51,7,HDPE,Medium,0
P-046,61.4,126.8,4,61,7,Steel,Low,0
P-1720,35.6,216.8,7.6,76,21,HDPE,High,1
P-1832,42.3,204.2,8.8,60,22,PVC,Low,1
P-428,68.4,109.1,4.3,82,9,HDPE,High,0
P-582,62.9,115.8,3.7,54,1,Cast Iron,Medium,0
P-077,65.4,119.2,4.2,83,2,HDPE,Low,0
P-1917,32.1,217.4,7.1,63,22,HDPE,Medium,1
P-1415,61.8,101.7,4.9,78,2,PVC,Low,0
P-781,65.9,123.1,4.7,71,4,HDPE,Low,0
P-1920,35.3,218.2,7.3,65,29,PVC,Low,1
P-1174,64.7,121.6,4.2,60,5,PVC,High,0
P-1320,64.1,144.8,3.8,68,4,Steel,Low,0
P-938,68.5,106.6,3.5,78,3,Cast Iron,Medium,0
P-031,62,122.1,4.1,55,1,Steel,Low,0
P-1092,64.8,121.4,3.7,61,7,PVC,Medium,0
P-1616,71.9,242,7.7,54,20,PVC,High,1
P-1230,76.1,109.4,3.9,68,1,HDPE,Low,0
P-975,62.8,123.7,3.2,64,5,HDPE,High,0
P-1085,66.9,107.2,4.5,84,5,HDPE,Medium,0
P-515,62.1,108.1,3.9,57,5,Steel,Low,0
P-1551,64.5,102,4,64,7,HDPE,High,0
P-1568,67.6,126.1,3.9,50,9,Steel,Low,0
P-1811,35.2,190.2,7.6,71,27,Steel,Low,1
P-1574,58.2,112.9,3.8,78,7,PVC,Medium,0
P-045,57.6,97.7,3.9,70,4,PVC,Low,0
P-1687,35.4,294.6,10,71,20,HDPE,Low,1
P-169,63.8,106.5,5,73,6,PVC,High,0
P-304,68.1,113.8,4.6,76,2,HDPE,Medium,0
P-991,66,132.7,4,78,5,Cast Iron,Medium,0
P-556,62.9,118,3.7,68,9,Cast Iron,Low,0
P-1925,60.7,212.1,8.8,63,11,Cast Iron,Medium,1
P-608,58.8,76.9,3.4,66,5,PVC,High,0
P-1619,35.7,255.8,9.3,56,21,Steel,Low,1
P-758,65.9,98.6,4.1,75,5,HDPE,Medium,0
P-439,56.5,103.4,3.3,59,9,Cast Iron,High,0
P-583,68.2,109.2,3.3,65,1,PVC,High,0
P-1519,59.9,129.2,3.9,73,2,PVC,Low,0
P-528,65.2,119.1,4.4,79,2,PVC,Low,0
P-343,66.2,117.4,3.1,82,4,HDPE,Medium,0
P-1737,29.5,206.3,7.7,83,29,PVC,Medium,1
P-368,65.1,84.4,4.7,61,6,Cast Iron,Low,0
P-186,68.6,133,4.1,73,2,HDPE,Low,0
P-1117,77,107.1,3.3,75,3,HDPE,Low,0
P-1755,45.1,199.2,7.2,72,20,Steel,Low,1
P-1426,55.2,126,3.1,77,9,PVC,Medium,0
P-301,60.9,125.8,3.9,79,9,PVC,Low,0
P-1904,43.7,191.7,8,81,29,HDPE,High,1
P-833,60,133.4,3.2,82,1,PVC,Low,0
P-544,72.2,105.4,4.7,84,7,HDPE,Medium,0
P-1601,38.2,195.3,7.4,70,11,HDPE,Medium,1
P-351,66.6,125.9,4.9,77,7,HDPE,Medium,0
P-1933,35.3,246.6,7.7,78,23,HDPE,Medium,1
P-1511,59.3,128.3,4.5,63,5,PVC,Low,0
P-979,57.1,118.2,4,80,8,Cast Iron,Low,0
P-176,69.1,141.3,4.7,78,2,PVC,Medium,0
P-483,57,139.9,4.7,65,3,HDPE,High,0
P-1413,67.3,139.9,3.4,55,4,Cast Iron,Low,0
P-1611,37.1,221,9.5,83,18,Steel,High,1
P-124,58,106.1,4.6,59,1,HDPE,Low,0
P-600,66.9,102.6,3.6,63,5,HDPE,Low,0
P-1795,42.1,220.2,7.9,75,22,PVC,Low,1
P-1746,42.4,214.6,9.8,68,12,PVC,High,1
P-1379,62,117.6,4.7,74,2,Cast Iron,Low,0
P-1186,69.7,130,4.3,71,5,Steel,High,0
P-486,57.9,122.9,4.5,72,6,HDPE,Low,0
P-332,60.5,108.9,3.5,62,1,HDPE,High,0
P-789,64.6,103.2,3.9,84,2,PVC,Low,0
P-195,65.9,112.8,3.6,50,7,HDPE,Medium,0
P-638,65.4,124.1,4.8,71,1,HDPE,Medium,0
P-472,53.5,145.5,4.7,82,8,Cast Iron,Low,0
P-1714,48.5,156,9.6,78,19,Cast Iron,Low,1
P-323,60.9,116.9,4.4,65,3,Steel,Low,0
P-1197,64.9,120.7,3.6,54,2,HDPE,Low,0
P-267,73.2,83.3,4.8,83,1,PVC,Medium,0
P-1544,62.7,93.8,4.5,71,5,HDPE,Low,0
P-1804,24.9,224.8,8,59,24,PVC,Medium,1
P-068,70,108,4.9,80,4,Steel,Medium,0
P-1738,29.3,215.2,7.6,83,13,HDPE,Medium,1
P-1593,67.2,144.6,4.8,70,4,HDPE,Low,0
P-1564,69.4,127.9,3.7,73,9,HDPE,Low,0
P-481,64.4,100.9,4.9,57,5,PVC,Medium,0
P-1757,38.6,223.1,8.9,67,27,HDPE,Medium,1
P-1913,46.4,250.3,9.4,55,29,Cast Iron,Low,1
P-1441,68.3,112.2,4.7,60,9,HDPE,High,0
P-1461,64.3,135.4,4.9,68,7,PVC,Low,0
P-888,63.2,130.8,4.6,64,8,Cast Iron,Medium,0
P-423,63.8,106.6,3.9,63,5,PVC,Medium,0
P-1675,56.2,218.1,8.9,58,15,PVC,Medium,1
P-1450,65.1,103.8,3.4,61,7,HDPE,Low,0
P-765,70.7,113.8,4.8,61,8,HDPE,Low,0
P-520,68.8,97.2,4.1,51,7,PVC,Low,0
P-1432,69.1,130.2,3,50,3,Cast Iron,Low,0
P-614,59.4,109.9,4.5,61,7,HDPE,High,0
P-1531,65.7,132.5,3.7,63,1,PVC,High,0
P-1783,25,188.7,6.6,53,28,PVC,Medium,1
P-1659,29.9,224.8,8.1,58,17,HDPE,Medium,1
P-454,67.5,99.3,3.1,54,4,PVC,High,0
P-731,66,128.5,3.5,62,2,PVC,Medium,0
P-535,61.7,103.7,4.7,66,3,HDPE,Low,0
P-966,72.2,106.1,4.7,66,9,HDPE,Low,0
P-1285,61.1,86.6,4.1,71,3,PVC,Low,0
P-1740,57.1,179.6,6.7,53,13,HDPE,Low,1
P-262,64.7,116.1,3.6,60,8,PVC,Low,0
P-536,65.2,105.6,4.8,80,2,PVC,Medium,0
P-969,64.8,82.7,4.2,68,7,PVC,High,0
P-241,61,111.6,4.9,55,2,Steel,Medium,0
P-820,70.3,81.1,4.2,54,2,HDPE,Low,0
P-693,59.6,109.4,4.7,60,2,HDPE,Low,0
P-421,75.3,125.7,4.1,71,2,Cast Iron,Medium,0
P-1086,67.2,114.6,4.4,50,5,Cast Iron,Low,0
P-1999,38.4,269.3,7.8,55,24,PVC,High,1
P-366,63,133,4.7,75,3,HDPE,High,0
P-1023,64.9,103.8,3.4,51,9,HDPE,Medium,0
P-1241,63.1,110.2,4.3,67,2,PVC,Medium,0
P-589,69.2,98,3.4,52,7,PVC,High,0
P-737,66.3,105,4.3,51,5,HDPE,Low,0
P-1762,47.4,219.7,9.7,53,22,Cast Iron,High,1
P-942,69.4,103,4,80,9,PVC,Low,0
P-072,72.7,128.5,4.5,52,2,Steel,Low,0
P-1408,72.5,111.9,3.3,65,4,Cast Iron,High,0
P-260,68.9,113,3.6,82,8,HDPE,Low,0
P-052,63.1,97,4,73,8,Cast Iron,Low,0
P-199,65.3,100.4,3.4,71,8,PVC,Medium,0
P-1789,43.2,225.4,6.8,61,23,Steel,Low,1
P-651,74.2,96.4,4.6,62,7,PVC,Low,0
P-333,65.4,87.2,3.7,68,8,Cast Iron,High,0
P-1360,65.9,95.3,4.9,54,6,PVC,High,0
P-594,66.7,110.9,4.6,80,1,HDPE,High,0
P-1392,61.6,98,3.5,57,9,PVC,High,0
P-1801,59,178.3,8.7,84,16,Cast Iron,Medium,1
P-1315,65.1,104.6,4.1,56,7,HDPE,High,0
P-1112,66.1,105.8,4.9,72,2,HDPE,High,0
P-1007,69.5,117.3,4.1,76,9,Steel,Low,0
P-1327,60.3,110,3.9,56,7,PVC,Medium,0
P-427,60.2,118.6,4.1,61,8,PVC,Low,0
P-1559,72.5,108.3,3.8,78,1,HDPE,Low,0
P-1294,69.2,115.1,4.2,54,5,PVC,High,0
P-591,65.4,128.6,4.6,54,8,PVC,Low,0
P-1958,71.4,212.8,7,68,14,Cast Iron,Low,1
P-1977,51.2,235.2,7.2,70,20,HDPE,Low,1
P-1133,73.1,84,3.2,55,3,Cast Iron,High,0
P-986,59.2,95.6,4,53,3,Steel,Medium,0
P-399,64.4,113.1,4.4,75,5,HDPE,Medium,0
P-1512,64,96.8,3.2,57,8,Cast Iron,Low,0
P-437,73.1,108,3.5,82,5,PVC,Low,0
P-193,66.1,140.4,4.9,64,6,Cast Iron,High,0
P-1436,66.4,123.3,4.8,64,4,Steel,Medium,0
P-615,77.2,119,4,52,4,PVC,High,0
P-1494,65.9,102,3.7,50,8,Cast Iron,High,0
P-577,66.2,132,4.3,67,6,PVC,Medium,0
P-987,72.5,108.2,4.7,78,7,PVC,High,0
P-1433,69.3,117.8,3.2,78,6,HDPE,High,0
P-707,58.6,112.2,4.6,62,9,PVC,Low,0
P-1259,61.5,127.8,3.1,75,5,PVC,Low,0
P-142,71.5,110.8,4.5,68,1,HDPE,Medium,0
P-1358,67,78.1,4.2,58,6,HDPE,Low,0
P-003,68.2,98.1,4.9,78,4,HDPE,High,0
P-1222,66.5,121.4,3.6,68,3,Steel,Medium,0
P-1870,35.9,249.9,9.5,77,15,PVC,Medium,1
P-1623,49.2,160.7,8.5,61,23,PVC,Medium,1
P-340,62.2,100.1,3.5,51,1,Cast Iron,Low,0
P-1770,45.5,203.4,7.1,77,13,Cast Iron,Medium,1
P-1537,67.6,120.2,4.9,67,9,HDPE,Low,0
P-484,66,98.5,4.4,70,6,PVC,High,0
P-266,58.8,127.9,4.1,79,7,Cast Iron,Medium,0
P-377,69.4,104.6,4.1,64,1,PVC,Low,0
P-742,58.6,116.9,3.6,53,1,HDPE,Low,0
P-1014,61.6,89,3.9,84,9,HDPE,Medium,0
P-440,64.7,85.9,4.9,73,4,PVC,Low,0
P-272,57.8,102.7,3.3,71,1,PVC,Low,0
P-185,63.9,76.8,3.1,51,7,HDPE,Medium,0
P-940,62.2,104.1,4.6,56,7,Cast Iron,Low,0
P-245,59,134.3,3.6,50,7,PVC,Medium,0
P-932,74.4,103.2,4.2,50,9,Cast Iron,Low,0
P-446,68.3,114,4.5,77,1,PVC,Low,0
P-597,63.7,100.9,3.1,65,5,HDPE,High,0
P-818,69.4,115.5,3.9,65,3,PVC,High,0
P-1273,59.5,123.2,3.8,68,1,Cast Iron,Low,0
P-1677,52.2,222.2,10,50,23,HDPE,Medium,1
P-487,61.8,104.2,3.6,67,3,PVC,Medium,0
P-681,68.6,120.2,3.2,62,5,PVC,Medium,0
P-416,61.3,114.1,4.3,60,8,HDPE,Low,0
P-274,65.1,110.5,4.1,66,4,PVC,High,0
P-1472,62,108.8,3.5,67,2,PVC,Medium,0
P-1830,40.2,234.4,7.2,73,21,PVC,Low,1
P-1455,67.8,66.1,3,77,3,Cast Iron,Medium,0
P-251,58.7,108.1,3.8,58,1,PVC,Low,0
P-414,71.4,96.2,5,84,7,Steel,Medium,0
P-1386,66.5,101.5,3.8,73,8,Steel,High,0
P-1308,65,115.4,4.8,72,2,PVC,Low,0
P-716,70.5,78.5,4.6,53,7,PVC,High,0
P-311,63.9,105.2,3.5,68,3,PVC,Medium,0
P-927,62.2,108.3,4,60,5,Cast Iron,Medium,0
P-382,62,95.6,3.8,64,6,HDPE,High,0
P-1566,63.6,110.8,4.2,82,5,HDPE,Low,0
P-426,71.8,117.7,4.8,62,5,PVC,High,0
P-1875,53.1,197.8,7,50,12,Cast Iron,Low,1
P-533,64.7,118.3,3.1,75,8,PVC,Low,0
P-753,60.1,103,3.3,68,6,HDPE,High,0
P-766,61.5,122.3,3.8,58,6,PVC,Low,0
P-1357,62.3,111.2,3.5,51,9,PVC,High,0
P-409,65.6,122.2,4.6,53,3,Cast Iron,Low,0
P-1615,38.2,240.8,7.8,69,17,Steel,Low,1
P-695,68,115,3.5,78,1,Steel,Medium,0
P-1739,49.5,208.9,9.2,74,13,PVC,High,1
P-549,66.9,125.3,3.2,61,3,HDPE,High,0
P-937,59.9,100.9,4.3,72,6,PVC,Low,0
P-1390,61.2,112.1,4.4,63,2,PVC,Low,0
P-1608,56.2,252.5,8.3,63,21,PVC,Low,1
P-1940,41,196.8,9.3,65,16,PVC,Low,1
P-1482,63.1,71,3,52,3,Cast Iron,Medium,0
P-183,59.6,107.3,4.7,74,2,PVC,Low,0
P-1941,43.1,231.4,7.5,60,17,Cast Iron,Low,1
P-1161,52.5,100.9,4.1,65,7,Cast Iron,Low,0
P-171,60.6,124.8,4,58,6,PVC,High,0
P-293,62.1,111.3,4,53,2,HDPE,Medium,0
P-562,75.4,111.3,3.4,53,1,PVC,Low,0
P-1457,68.8,126.3,3.7,74,1,HDPE,High,0
P-1877,34.4,248.5,9.6,70,15,PVC,High,1
P-1652,43.3,236.5,8,58,23,Cast Iron,Low,1
P-850,62.3,101.9,4.9,81,5,Cast Iron,Low,0
P-273,70.8,99.9,4.9,61,1,PVC,High,0
P-1550,71.1,109.5,3.8,73,2,HDPE,High,0
P-1035,62.6,110.9,4,78,8,PVC,Low,0
P-1744,51.6,225,7,51,13,PVC,High,1
P-372,67.5,101.8,4.9,70,6,Steel,Medium,0
P-1670,45.5,230.2,6.9,53,12,PVC,Medium,1
P-722,56.4,102.4,4.8,62,2,Steel,Medium,0
P-734,56.5,96.8,3.2,81,5,Cast Iron,High,0
P-778,63.8,106.4,4,56,5,Cast Iron,Low,0
P-519,65.5,106.6,3.6,82,1,Cast Iron,Low,0
P-335,69.9,123.4,4.9,58,9,Cast Iron,High,0
P-846,67.5,93.5,4.3,84,5,PVC,Low,0
P-1252,69.2,114.5,3.7,81,1,Cast Iron,Medium,0
P-1053,67.5,105.7,4.6,59,7,HDPE,High,0
P-1924,42.4,171.7,8.5,76,25,HDPE,Medium,1
P-016,62.2,107.1,3.1,73,2,HDPE,Low,0
P-708,73.8,110.4,3.5,82,2,Cast Iron,Medium,0
P-901,66.8,109.3,4.6,62,8,Cast Iron,High,0
P-1980,44.1,188.5,8.3,77,23,Cast Iron,Medium,1
P-1573,66.5,114.8,3.5,59,6,PVC,Medium,0
P-904,71.4,114.9,4.9,64,5,HDPE,Medium,0
P-466,63.9,123.3,4.8,77,4,Steel,Low,0
P-1978,49.5,263.4,8.2,57,23,HDPE,Low,1
P-200,59.3,117.3,3.3,60,8,HDPE,High,0
P-1207,61.5,98.4,4.7,68,4,Cast Iron,Low,0
P-1056,61.6,97.1,3.6,72,6,PVC,High,0
P-1132,67.1,109.4,4.3,80,6,Cast Iron,Low,0
P-1380,74.1,99.1,5,73,1,HDPE,Medium,0
P-999,62.1,115,4.9,56,4,PVC,Medium,0
P-728,66.7,130.1,3.3,55,3,PVC,High,0
P-1772,57,205.1,6.8,77,25,HDPE,High,1
P-1910,41.4,197.9,8.4,78,11,PVC,Medium,1
P-1822,40.8,228.1,7.8,73,28,HDPE,High,1
P-568,60,119.8,3.1,70,3,PVC,Low,0
P-044,63.5,112.3,4.3,64,7,Cast Iron,Low,0
P-275,60.1,93.7,3,74,5,PVC,Low,0
P-1097,65.4,125.6,3.1,57,7,Cast Iron,Medium,0
P-102,62.9,96.5,3.1,77,6,PVC,High,0
P-1232,58.2,79.6,4.6,59,8,HDPE,Low,0
P-1722,37.4,271.1,7.6,60,26,PVC,Low,1
P-1833,49.5,251.1,7.4,62,27,HDPE,Low,1
P-108,65.9,119.6,4.8,73,3,Cast Iron,Medium,0
P-1618,32.5,211.5,6.8,73,17,Cast Iron,High,1
P-498,64,105.8,4.9,52,2,PVC,Low,0
P-1981,30.3,260.9,9.8,78,25,HDPE,High,1
P-882,62.3,78.2,4.2,56,9,Cast Iron,Medium,0
P-757,67.5,112.9,3.7,73,3,Cast Iron,Low,0
P-620,66.1,131.8,3.3,67,9,PVC,Medium,0
P-1107,68.1,90.6,3.4,51,1,PVC,Low,0
P-1936,25,231.6,6.5,55,15,Cast Iron,Medium,1
P-810,60.5,101.8,4.3,52,5,Cast Iron,Low,0
P-1038,57.7,112.6,4.9,72,7,HDPE,Medium,0
P-073,64.8,111.3,3.8,84,7,HDPE,High,0
P-1284,69.8,123.1,4.9,64,8,HDPE,High,0
P-1272,68,96.9,4.6,75,2,PVC,Medium,0
P-1335,65.7,131,3.7,66,1,Steel,Low,0
P-1459,71.4,110.3,4.1,55,6,PVC,Low,0
P-482,60.2,135.8,4.2,69,2,Cast Iron,Low,0
P-1069,62.7,113.4,3.9,78,9,Steel,Low,0
P-507,62,154.2,4.8,68,1,PVC,Low,0
P-1238,62.2,91.2,4.6,80,7,Cast Iron,Low,0
P-1862,48.1,196.3,7,76,14,PVC,Low,1
P-1990,44.3,196.8,8.3,80,29,Steel,Medium,1
P-1477,64.4,124.7,3.3,72,5,PVC,Medium,0
P-1867,50.3,229.6,8.2,79,17,PVC,Medium,1
P-1456,56.2,140.8,4.7,62,7,HDPE,Low,0
P-312,70.5,136.9,3,66,1,Steel,Medium,0
P-963,66,102.1,4.3,73,9,PVC,Low,0
P-406,68.1,130.1,4.4,72,3,PVC,Low,0
P-1331,72.7,123.7,3.4,58,9,Cast Iron,Medium,0
P-1650,65.9,207.1,6.8,67,23,PVC,Low,1
P-310,64,123.3,4,75,1,HDPE,Medium,0
P-227,65.3,131.3,3.9,50,5,PVC,Low,0
P-1858,37.5,237.7,8.7,51,24,PVC,Low,1
P-711,66.1,97.7,4.2,76,3,HDPE,Medium,0
P-1944,36.6,148.3,9.5,73,26,HDPE,Medium,1
P-1384,62,125.4,3.4,68,8,HDPE,Medium,0
P-1786,25.4,203.5,7.5,83,19,HDPE,Medium,1
P-149,67.6,108.5,3.6,80,3,PVC,Low,0
P-1555,63.9,82.4,4.6,57,1,PVC,Low,0
P-1957,18.6,217.2,7.8,54,28,Steel,Low,1
P-926,57.4,113.8,4.5,65,2,PVC,Low,0
P-943,68.3,119.6,3.9,81,3,HDPE,Low,0
P-837,72.8,138.6,3.4,82,6,PVC,Low,0
P-576,53.9,93.3,4.5,65,7,PVC,Low,0
P-558,62.8,110.1,3.2,63,6,Cast Iron,Low,0
P-1236,73.2,112.8,3.7,66,5,Steel,Low,0
P-1361,64.9,92.7,4.8,61,4,HDPE,Low,0
P-1348,69.7,133.9,4,61,1,PVC,Medium,0
P-1162,76.5,116.8,3.3,66,2,Cast Iron,Medium,0
P-1443,65.9,112.1,4,73,3,Steel,Low,0
P-287,64.2,121.8,4.7,81,6,HDPE,High,0
P-1605,35.2,243.5,8.7,64,28,PVC,Low,1
P-1058,70.9,113.1,3.6,81,4,HDPE,High,0
P-599,62.8,128,4.7,56,2,Steel,High,0
P-933,57.8,96.7,3.3,81,6,Cast Iron,Medium,0
P-1462,58.9,138.5,3,68,4,HDPE,Medium,0
P-1638,44.2,231.1,9.7,53,24,Cast Iron,Low,1
P-1588,63.2,96.2,3.6,69,6,Steel,Low,0
P-1041,73.4,119.2,4.8,73,4,PVC,High,0
P-1231,62.2,103.7,4,78,1,PVC,High,0
P-807,66.1,108.8,3.9,68,5,HDPE,High,0
P-905,66,87.2,3.1,67,4,HDPE,Low,0
P-1680,35.7,217.5,8.5,80,25,Steel,Low,1
P-1205,65.2,95.7,3.5,55,5,PVC,Low,0
P-768,73.9,116.8,4.3,82,6,HDPE,Low,0
P-610,72.5,129.1,4,74,6,PVC,Medium,0
P-1993,51.9,160.7,7,63,13,PVC,Low,1
P-1565,68.7,124.4,4.8,70,3,HDPE,Medium,0
P-1423,63.2,116.4,4.9,70,6,Steel,Low,0
P-1011,71.6,108.6,3.8,59,4,PVC,High,0
P-494,60.7,131.7,3,58,5,Cast Iron,High,0
P-1321,65.3,112.9,4.5,59,6,Cast Iron,High,0
P-278,62,92.8,4.4,79,1,Cast Iron,Low,0
P-1847,52.7,252.7,8.7,70,13,HDPE,High,1
P-359,66.6,83.4,4.2,80,6,PVC,High,0
P-1111,64,92.6,3.2,69,8,Cast Iron,Low,0
P-237,54.9,110.2,4.8,50,9,PVC,High,0
P-552,64.2,81.8,4.5,57,5,HDPE,Medium,0
P-1868,51.3,269.6,7.6,70,24,PVC,Low,1
P-1813,56.1,194.3,9.8,83,23,PVC,Low,1
P-209,67.6,105.3,5,55,6,PVC,Low,0
P-1387,71.5,97.8,3.1,70,6,PVC,High,0
P-1561,64.9,113.5,4.3,50,4,Cast Iron,Low,0
P-059,66.7,113.9,4.1,56,9,Cast Iron,Low,0
P-632,72.6,116.9,3.5,76,5,PVC,Low,0
P-1962,42.9,276.7,8.6,59,22,PVC,High,1
P-1860,42.6,214.1,6.8,63,10,Cast Iron,Low,1
P-1817,18.5,208.5,7,57,28,HDPE,Low,1
P-364,67,126.7,4.5,73,9,Cast Iron,Low,0
P-506,62.6,97.6,5,70,4,Cast Iron,Medium,0
P-1166,77.2,83.7,4.3,51,7,Cast Iron,Low,0
P-1122,70.9,100.8,4.9,64,2,PVC,High,0
P-1630,48.5,201,9.1,65,24,Cast Iron,High,1
P-1217,61.6,85.2,4.9,50,4,HDPE,Medium,0
P-1152,54.2,104.5,3.7,74,1,PVC,Low,0
P-1125,73.2,107.9,3.5,78,9,PVC,Low,0
P-1595,53.2,128.9,3.7,56,6,PVC,Low,0
P-119,70.7,71.6,3.7,78,1,HDPE,Low,0
P-1250,57.2,82.1,4,65,6,Cast Iron,Low,0
P-1994,47.1,242.5,8.6,74,23,PVC,Medium,1
P-523,61.7,115.5,3.7,78,6,PVC,Medium,0
P-514,60.5,106.2,3.1,69,1,HDPE,High,0
P-082,66.8,119,4.5,55,6,HDPE,Low,0
P-916,66.4,137.7,4.9,68,8,Cast Iron,Low,0
P-1019,63.4,103.2,3.8,71,9,Cast Iron,Medium,0
P-381,60.8,95.5,3.4,53,3,Steel,Medium,0
P-1030,59.9,110.5,4.4,69,2,Cast Iron,Medium,0
P-1689,42.8,258.3,7.5,59,12,PVC,Low,1
P-085,61,101.7,3.4,81,9,PVC,Low,0
P-1678,55.2,215.5,7.9,52,13,PVC,Low,1
P-330,68.1,122.7,4.9,52,9,Cast Iron,Low,0
P-007,72.9,110,4,82,4,Cast Iron,Low,0
P-746,61.4,105.6,4.2,75,8,Steel,High,0
P-1554,60.9,147.7,3.3,56,7,HDPE,Low,0
P-915,64.5,120.3,4.1,82,6,Cast Iron,Low,0
P-874,61.3,101.2,3.7,65,8,PVC,Low,0
P-452,69.8,97.5,3.9,83,6,HDPE,High,0
P-491,65,109.8,3.5,58,8,Cast Iron,Medium,0
P-1481,68.6,105.5,4.2,65,7,Cast Iron,Low,0
P-288,67.9,106.2,4,84,3,PVC,High,0
P-949,64.8,107.2,3.8,82,6,PVC,Medium,0
P-1986,45.1,157.5,7.4,61,14,PVC,Low,1
P-1369,62.8,116,3.5,67,3,PVC,Low,0
P-1147,59.5,99.4,3.7,59,1,PVC,High,0
P-706,68,125.7,3.3,69,9,Cast Iron,Low,0
P-1727,34.6,234.9,6.8,53,27,Cast Iron,Low,1
P-1702,44.9,263.6,7.1,50,24,Cast Iron,Low,1
P-1629,40.7,173.7,8.5,63,10,HDPE,High,1
P-1600,61.4,106.6,4.6,53,6,Cast Iron,Medium,0
P-1539,59.2,109.3,4.7,61,4,PVC,Low,0
P-1406,61.2,72,3.2,83,7,HDPE,Low,0
P-1651,45.8,232.2,9.4,54,17,PVC,Low,1
P-328,69,104.2,4.7,66,1,PVC,Medium,0
P-443,54.7,90.6,3.2,62,4,PVC,Medium,0
P-775,68.1,102.6,3.4,64,1,HDPE,Low,0
P-1088,66.2,128.3,4.7,61,1,HDPE,Medium,0
P-1221,59.1,94.2,4.9,75,1,PVC,Low,0
P-1636,36,228,8.4,58,24,Steel,Low,1
P-178,72.3,112.8,4,58,9,PVC,Medium,0
P-1323,64.6,86.8,5,69,7,PVC,Low,0
P-705,57.2,113.7,4.3,82,5,PVC,High,0
P-087,69.6,102.4,3.9,82,1,PVC,Low,0
P-1884,34.1,193.3,7.8,55,15,PVC,High,1
P-1948,39.7,232.8,9.1,67,19,PVC,Medium,1
P-458,59.8,113.6,3.6,71,5,PVC,Low,0
P-1829,39,255.5,7.3,61,19,Cast Iron,High,1
P-055,70.2,89.8,4.1,82,8,PVC,Low,0
P-1502,62.2,100.6,4.8,63,2,PVC,Medium,0
P-644,57.5,100.2,3.6,71,6,Steel,High,0
P-678,73.8,86.5,4.4,82,6,HDPE,Medium,0
P-222,55.7,100.3,3,59,5,HDPE,High,0
P-114,77.3,95,4.9,68,3,PVC,High,0
P-983,60.2,121,4.7,56,9,PVC,Medium,0
P-1229,69.8,121.7,4.6,74,6,Cast Iron,Low,0
P-1000,67.9,107.7,3.6,58,9,PVC,Low,0
P-175,66.4,97.5,4.6,82,6,PVC,Low,0
P-782,58.3,100.3,4.7,62,7,PVC,Medium,0
P-590,60.7,109,3.2,74,5,Cast Iron,Low,0
P-1560,63.6,90.5,3.3,76,6,PVC,Medium,0
P-019,60.5,119.5,3.1,71,2,Steel,High,0
P-424,69.9,109.3,3.7,65,7,HDPE,High,0
P-1344,71,128.5,3.8,55,4,PVC,Medium,0
P-286,55.2,116.9,5,81,8,PVC,Medium,0
P-1584,65.3,91.7,3.8,54,4,PVC,High,0
P-429,70.3,126.9,4,82,4,Cast Iron,Medium,0
P-1510,72.4,102,4.9,82,3,PVC,Medium,0
P-1319,62,126.8,3.2,80,6,Cast Iron,Low,0
P-670,70.5,119.4,4.1,62,5,PVC,Low,0
P-032,74.3,95.4,3.7,61,9,HDPE,Medium,0
P-941,58.6,124.9,5,61,5,PVC,Low,0
P-723,58.3,94.1,4,63,5,PVC,Low,0
P-995,60,95.7,4,76,9,PVC,Low,0
P-215,63.4,102.9,5,71,1,HDPE,Low,0
P-814,66,105.2,4,55,6,Cast Iron,High,0
P-327,70.8,93.6,3.8,62,3,Cast Iron,High,0
P-561,66.4,94.8,3.4,65,6,Steel,High,0
P-1113,69.4,105.5,3,83,6,HDPE,High,0
P-701,62.4,115.8,3.5,64,7,PVC,Low,0
P-1579,61.3,97.8,3.2,73,9,Cast Iron,High,0
P-1190,60.2,137.4,4.7,78,2,PVC,Medium,0
P-342,66.2,116.3,3.1,80,4,PVC,Low,0
P-630,70.5,102.8,3.7,79,1,PVC,Low,0
P-148,58.4,97.6,3.1,54,3,HDPE,Low,0
P-1310,67.4,110,4.1,79,6,PVC,Medium,0
P-361,67.6,94.6,4.4,72,3,PVC,High,0
P-084,62.4,75.6,3.6,82,5,HDPE,Low,0
P-049,66.7,105.1,3.6,77,6,PVC,Low,0
P-469,62.3,120.2,3.2,53,1,PVC,Low,0
P-156,61.4,100.8,4.8,55,2,Steel,Medium,0
P-773,68.2,107.3,4.7,67,6,HDPE,Low,0
P-1240,73.1,124.1,4,66,4,Cast Iron,Medium,0
P-1201,65.6,112.8,3.1,81,2,PVC,Low,0
P-1403,70.9,112.9,4.4,55,7,HDPE,Low,0
P-1203,65.6,113.3,4.2,59,7,Steel,Low,0
P-1631,44.8,237.9,7.8,64,29,HDPE,High,1
P-501,69.6,118.6,4.6,73,8,Cast Iron,Low,0
P-1765,37.5,226.8,7.8,56,20,PVC,Low,1
P-180,78.6,110.1,4.9,77,6,Steel,High,0
P-1048,57.1,105,4.3,84,2,PVC,Low,0
P-1756,53.7,160.9,7.2,72,16,PVC,High,1
P-951,63.8,128.1,4.7,63,7,PVC,Medium,0
P-1317,59.7,109.2,3.6,80,5,PVC,Low,0
P-1620,51.5,246.8,7.3,65,10,PVC,Medium,1
P-529,66.3,140.8,3.5,69,2,HDPE,Low,0
P-347,57.8,102.8,4,82,8,Steel,High,0
P-1388,72.8,111.2,3.7,55,9,Cast Iron,Low,0
P-1961,39.5,198.1,8.6,70,15,PVC,Low,1
P-1051,61.9,89.4,3,55,2,PVC,Medium,0
P-1973,46.6,230.4,9.8,56,22,HDPE,High,1
P-1442,70.9,100.8,4.6,76,2,PVC,High,0
P-602,60.4,119.3,3.6,81,7,Cast Iron,Low,0
P-1282,64.2,110.5,4.1,84,3,Cast Iron,High,0
P-244,69.3,86.5,3.9,74,3,HDPE,Medium,0
P-1337,61.9,89.5,4,82,4,Cast Iron,Medium,0
P-1068,70.8,110.3,4.6,67,1,Cast Iron,Medium,0
P-1476,68.2,90.7,4,84,4,HDPE,Medium,0
P-313,69.1,113.5,4.3,75,8,PVC,Low,0
P-436,65.4,104.5,3.6,74,6,Cast Iron,Medium,0
P-1899,45.6,232.9,7.2,81,12,HDPE,Low,1
P-1329,59,93.6,4.4,59,1,HDPE,Medium,0
P-309,67.7,118,3.4,70,8,Cast Iron,Low,0
P-431,59.1,118.5,3.5,54,8,PVC,Medium,0
P-661,62.1,92.4,4.3,55,7,PVC,High,0
P-371,65.1,107.7,3.3,68,3,PVC,High,0
P-567,54.8,95.1,3,68,3,PVC,Low,0
P-980,68.8,113,4.9,77,2,PVC,Low,0
P-182,60.7,104.6,3.2,63,4,PVC,Low,0
P-1363,65.6,83.1,4.5,71,9,PVC,Low,0
P-622,67.4,121.8,4.2,76,8,HDPE,Low,0
P-819,65.4,115.9,4.4,73,5,HDPE,Medium,0
P-1193,62,144.2,4.7,59,2,PVC,Low,0
P-953,58.7,117,3.2,72,2,Steel,Low,0
P-1422,70.4,108.8,3.4,55,5,PVC,Low,0
P-1841,38.7,201.6,7.2,56,12,PVC,Low,1
P-923,65.7,107.1,3.1,74,7,Steel,Medium,0
P-1074,58.6,134.5,3.3,73,7,Steel,Low,0
P-297,69.5,116.3,4.5,60,4,HDPE,Low,0
P-967,61.6,115.3,3.3,79,7,Cast Iron,Low,0
P-462,65.2,121.1,4.6,81,2,Steel,Low,0
P-1303,64.1,113.2,3.4,64,5,PVC,Low,0
P-1177,56.5,88,4.4,81,2,PVC,Low,0
P-378,65.9,90.1,3.3,54,8,HDPE,High,0
P-799,65.1,104.6,3.4,74,1,HDPE,Medium,0
P-1103,75.4,134.7,4,72,6,Cast Iron,High,0
P-106,67,134.6,3.2,63,9,PVC,Low,0
P-127,60,92.3,3.8,52,6,HDPE,Low,0
P-1996,50.7,220.9,8.2,82,17,Cast Iron,High,1
P-839,69.9,143.3,3.8,67,5,PVC,Medium,0
P-356,60,113.9,3.5,55,5,HDPE,Low,0
P-1617,43,190.4,8.4,79,11,PVC,High,1
P-683,62.4,105.1,4.8,72,6,PVC,High,0
P-813,72.2,136.1,4,77,3,Steel,Medium,0
P-1681,44,186.4,7.6,75,10,PVC,Medium,1
P-210,84.3,110,4,50,3,HDPE,Low,0
P-1493,62.2,117.4,3.3,65,7,Cast Iron,Low,0
P-141,66.1,112.5,3.7,57,1,HDPE,Medium,0
P-1975,39.8,230.7,9.1,60,24,HDPE,High,1
P-1340,65.9,136.9,3.7,58,8,HDPE,Medium,0
P-1798,32,226.4,9.9,57,14,PVC,Medium,1
P-1575,67.3,90.9,4.8,55,1,HDPE,Medium,0
P-1182,72,117.8,3,61,4,Cast Iron,Low,0
P-1394,65.7,108.9,3.1,60,4,PVC,High,0
P-1816,31.1,166.2,7.8,68,26,Cast Iron,Low,1
P-712,64.5,133,3.2,72,1,PVC,High,0
P-1794,46.7,212.8,7.6,66,18,Cast Iron,High,1
P-893,70.3,121.5,4,75,5,PVC,High,0
P-860,68.2,112.9,3.7,62,3,PVC,Medium,0
P-011,62.7,85.9,4.7,81,1,Steel,Low,0
P-1695,41.3,246.2,9.9,63,11,Steel,Low,1
P-1428,59.5,130.8,4.6,66,3,HDPE,Medium,0
P-283,72.9,127.9,4.1,76,5,HDPE,High,0
P-811,64.1,108.2,3.7,76,3,HDPE,High,0
P-1342,65,106.4,3.8,65,4,Cast Iron,High,0
P-292,62.5,124.7,4.4,56,2,PVC,Low,0
P-755,60.3,108.9,4.3,57,2,PVC,Medium,0
P-627,60.1,131.1,5,63,9,Cast Iron,Low,0
P-944,64.5,107.1,4.5,69,8,PVC,High,0
P-862,57.4,117.3,5,51,8,PVC,Medium,0
P-130,62.5,120.8,5,55,9,PVC,Medium,0
P-1176,63.6,98.7,4.6,74,6,PVC,High,0
P-324,75.5,135.1,3.7,65,5,PVC,High,0
P-1091,64.6,82.7,3.5,81,4,HDPE,Low,0
P-844,66.9,92.5,3.2,79,7,PVC,Low,0
P-964,68.5,94.2,3.5,72,9,Cast Iron,Low,0
P-1865,53,208.8,7.6,74,15,Cast Iron,Low,1
P-866,63.1,105.4,3.4,56,6,Steel,High,0
P-922,59.9,121.2,4,65,4,HDPE,Medium,0
P-696,63.5,131.5,3.1,59,4,HDPE,Medium,0
P-216,68.8,114,3.1,76,9,Cast Iron,High,0
P-1781,25.9,215.5,9.7,77,27,PVC,Low,1
P-1262,65.4,110.7,4,74,7,PVC,Medium,0
P-159,59,129.2,4.3,54,6,Cast Iron,Low,0
P-1059,67.7,92,3.8,69,1,PVC,Medium,0
P-989,63.9,93,3.8,78,8,Steel,Low,0
P-842,68.4,87.3,3.8,56,3,PVC,Medium,0
P-635,59.9,135.5,4.8,62,4,PVC,Low,0
P-517,67.5,111.3,4.9,74,6,Steel,Low,0
P-1429,63.9,116.7,3.4,63,4,Cast Iron,Medium,0
P-1748,45,225.4,9,68,15,PVC,Medium,1
P-598,60.1,113.2,4.5,65,4,Cast Iron,Medium,0
P-196,66.9,100.1,3.9,53,3,HDPE,Low,0
P-1784,47.6,184.8,7.6,71,22,Steel,High,1
P-870,75.1,128.4,3.5,68,3,HDPE,Medium,0
P-411,68.6,122.3,3.9,80,8,Steel,Medium,0
P-097,66.5,120.1,3.4,58,6,PVC,Low,0
P-1001,72,81.4,3.3,62,4,PVC,Low,0
P-1506,62.7,89.4,3.5,64,4,HDPE,Low,0
P-157,74.3,104.4,3.3,76,4,HDPE,High,0
P-420,65.3,90.1,4.5,68,5,PVC,Low,0
P-1803,32.9,183.5,9.5,77,12,HDPE,Low,1
P-478,66.6,131.8,3.3,75,2,Cast Iron,Low,0
P-1856,33.3,215.5,8.8,52,22,Cast Iron,Low,1
P-669,51.7,118.3,4.8,64,8,Cast Iron,Low,0
P-1418,66.3,113.1,4.4,73,6,Cast Iron,Medium,0
P-1872,37.9,224.7,6.7,75,20,HDPE,Medium,1
P-1300,66.6,127.1,3.7,73,2,PVC,Medium,0
P-448,60.3,106.5,4.3,72,6,PVC,Low,0
P-554,66.3,115.8,4.7,71,5,HDPE,Low,0
P-179,63.7,140.4,3.8,80,3,Steel,Low,0
P-391,60.5,82.3,3.1,50,8,Steel,Medium,0
P-579,57.6,114.2,4.5,50,6,Cast Iron,High,0
P-1478,67.1,78.4,3.9,76,5,Steel,Low,0
P-1707,46.7,204.3,10,81,16,Steel,Low,1
P-1288,67.5,106.8,4.3,73,4,PVC,Medium,0
P-1645,29.4,195.7,6.8,53,18,PVC,Low,1
P-1024,75.7,127.3,4.5,51,4,PVC,Medium,0
P-821,62.4,105.8,4,62,2,Cast Iron,High,0
P-1825,41.7,199.9,9.3,80,14,PVC,High,1
P-985,65,85.2,3.9,73,8,PVC,Low,0
P-1339,63.1,117.5,3.1,73,1,PVC,Low,0
P-665,61.4,116.9,4.3,70,5,Cast Iron,Low,0
P-143,57,112.6,3.8,75,6,PVC,High,0
P-1517,72.6,98.1,3.4,56,9,Steel,Medium,0
P-1430,63.6,126.5,3.2,56,7,Cast Iron,Low,0
P-865,61.9,116.1,4.4,67,1,HDPE,Low,0
P-422,73.8,127.5,3.5,63,8,PVC,Low,0
P-637,69.1,112.9,4.3,83,4,PVC,Low,0
P-1407,57.9,120.2,4.1,63,5,PVC,High,0
P-800,65.1,114.5,3.5,56,2,Cast Iron,High,0
P-1404,68.6,108.5,4.8,57,6,HDPE,Low,0
P-616,65.6,120,4.8,84,9,PVC,Low,0
P-295,66.8,97.5,4.2,74,1,PVC,Medium,0
P-924,61.5,109,4.4,72,4,HDPE,High,0
P-1269,61.3,113.5,3.5,61,6,HDPE,High,0
P-1903,51.7,270.1,8.4,81,23,PVC,Low,1
P-089,62.4,103.2,4.2,80,9,Cast Iron,Medium,0
P-042,65.9,103.9,4.4,79,6,PVC,High,0
P-1802,39.4,172,7.7,66,17,HDPE,Medium,1
P-1934,38.9,242.8,7.8,73,21,Cast Iron,Medium,1
P-132,65.3,110.3,4.4,57,9,PVC,Low,0
P-1002,69.6,97.1,3.9,64,5,Cast Iron,Low,0
P-1158,76.3,111.6,3.8,51,4,Cast Iron,Low,0
P-1095,68.7,97,3.8,50,5,PVC,Low,0
P-1855,50,209,7.9,54,26,PVC,Low,1
P-1345,69.7,95.5,3.8,60,1,Cast Iron,Medium,0
P-1499,70.1,107.3,4.1,81,6,Steel,Low,0
P-165,69.8,133.7,4.4,60,3,PVC,Low,0
P-725,65.9,139.4,3.3,80,7,Cast Iron,Medium,0
P-291,64,136.1,4.1,65,5,PVC,Low,0
P-1209,58,123.5,4.7,74,3,Steel,High,0
P-1589,60.9,128.6,4.1,64,2,Steel,High,0
P-1897,37.4,261.8,8.8,80,18,Cast Iron,High,1
P-1642,54.1,214.5,9.4,77,21,PVC,High,1
P-1362,67.9,84.7,4,50,7,PVC,Low,0
P-779,64.6,109.1,3.3,66,8,HDPE,Low,0
P-840,63.9,107.6,4.9,66,7,HDPE,Medium,0
P-349,61.4,120.4,3.4,80,3,HDPE,Low,0
P-1945,46.2,207.6,7.3,82,29,PVC,Low,1
P-572,73.4,88.3,3.7,58,1,Cast Iron,High,0
P-918,65.9,120,4.6,62,5,Cast Iron,Low,0
P-977,62.7,129,4.6,65,7,Cast Iron,Low,0
P-1914,45,194.7,7.6,57,17,PVC,High,1
P-1469,59,103.2,3.4,78,5,Cast Iron,High,0
P-1592,50.4,119.1,4.5,61,7,HDPE,Low,0
P-1318,63.5,95.3,4.1,61,6,PVC,Low,0
P-1845,41.6,268.3,7.8,57,17,HDPE,Low,1
P-137,61.1,111.5,4.7,50,8,HDPE,Medium,0
P-459,62.2,117.5,4.1,72,8,HDPE,Medium,0
P-376,61.2,131.7,4.2,59,4,HDPE,High,0
P-1343,67.2,94.6,3.4,68,9,PVC,High,0
P-334,61.6,104.6,4.8,56,2,HDPE,Low,0
P-1160,63.4,114.7,4.8,63,1,HDPE,Low,0
P-1761,56.4,229.7,8.3,59,13,PVC,High,1
P-1458,66.9,104.4,4.7,56,7,PVC,High,0
P-817,66.3,117.2,4.6,82,8,HDPE,Medium,0
P-1115,65.8,115.8,4.6,83,5,PVC,High,0
P-1006,67,90,4.1,76,9,Steel,Low,0
P-1857,53.9,178.1,8.9,68,18,Cast Iron,Medium,1
P-1955,34,202.6,6.6,51,15,PVC,Low,1
P-1851,33.5,204.3,7.2,64,18,PVC,Medium,1
P-911,63.5,102,4.9,61,2,Cast Iron,Low,0
P-1930,59.6,225.2,7.2,56,13,HDPE,Low,1
P-1126,59.3,121.1,4.7,72,9,HDPE,Low,0
P-329,68.1,120.4,3.5,73,9,PVC,Low,0
P-1248,61.2,99,3.1,81,4,PVC,Medium,0
P-319,66.6,101.6,3.3,70,8,PVC,Medium,0
P-1690,37.4,215.4,7.1,69,23,HDPE,Medium,1
P-1359,57.6,116.9,4.4,71,4,PVC,Low,0
P-1733,39.8,159.4,8,61,29,Cast Iron,Low,1
P-168,74.5,91.1,3.7,77,2,Cast Iron,Medium,0
P-013,66.2,98.5,3.4,62,5,Cast Iron,High,0
P-1927,14.7,248.8,7.7,82,15,PVC,Low,1
P-172,60.9,108.9,4.8,53,1,HDPE,High,0
P-650,68.5,123.5,3.8,53,5,PVC,Medium,0
P-1062,50.8,105,3.2,83,6,PVC,Medium,0
P-261,60.4,116.6,3.2,65,3,HDPE,Low,0
P-1367,64.9,102.1,3.3,52,1,PVC,Medium,0
P-1549,68.8,93.3,3.2,58,9,Steel,High,0
P-902,63,103.6,4.7,84,1,PVC,High,0
P-673,63.3,113.9,3.3,57,1,PVC,Medium,0
P-259,67.2,70.9,3.5,64,1,HDPE,Low,0
P-845,65.8,113.3,5,61,5,Cast Iron,Low,0
P-868,66.7,96.7,3.6,56,3,HDPE,Low,0
P-1800,40.2,189.5,6.8,61,17,HDPE,Low,1
P-139,69.1,91.4,4.9,53,9,PVC,Medium,0
P-894,70.8,113.2,4.8,60,3,Cast Iron,Low,0
P-1838,41.1,231.4,8.2,69,29,Steel,Low,1
P-550,62,141.3,4.8,60,2,Steel,Low,0
P-320,64.3,93.5,4.1,58,1,PVC,Low,0
P-1527,74.4,107,4.8,57,6,HDPE,High,0
P-1806,24.2,235.4,7.2,82,10,Steel,High,1
P-1178,64.5,102.5,3.2,79,2,PVC,High,0
P-559,67,114.9,4.5,82,7,HDPE,Low,0
P-140,58.8,88,3.4,64,3,Cast Iron,Medium,0
P-1735,48,243.8,9.1,60,22,HDPE,High,1
P-532,56.7,96.1,4.3,67,8,Steel,Low,0
P-225,62.6,100.3,3.9,70,5,PVC,Medium,0
P-724,68.7,132.2,4.6,59,7,PVC,Low,0
P-787,69.2,98.5,3,78,9,HDPE,Low,0
P-1718,41.9,289.2,8.4,68,10,PVC,Low,1
P-1008,68.2,86.8,3.7,57,4,Cast Iron,Low,0
P-410,67.6,92.8,3.6,70,9,Cast Iron,Low,0
P-326,58.9,120,3.9,57,8,PVC,Low,0
P-1766,31.6,220.5,8.7,65,11,HDPE,Low,1
P-300,68.1,87.5,3.7,60,5,Cast Iron,Low,0
P-1263,67.7,96.4,3.5,83,8,PVC,Low,0
P-1946,36.3,247.4,6.8,61,22,Steel,Low,1
P-026,65.6,112.8,3.5,66,7,Steel,Low,0
P-1859,42.9,198.3,7.6,66,16,PVC,Low,1
P-715,64.8,115.5,3.5,68,9,HDPE,Low,0
P-1010,62.3,102.9,4.9,69,9,PVC,Medium,0
P-194,58.8,89.6,4,75,7,PVC,Low,0
P-441,66.9,136.2,4.7,59,4,PVC,Medium,0
P-574,63.9,109.2,3.5,66,4,HDPE,Low,0
P-947,57.4,111.3,4.1,50,9,HDPE,Low,0
P-998,68.2,91.4,3.5,52,2,PVC,High,0
P-504,67.8,100.8,3.3,51,8,HDPE,Medium,0
P-606,74.4,107.2,3.3,65,1,Cast Iron,Low,0
P-1717,43.3,317.3,9.5,52,17,PVC,Low,1
P-1164,56.8,99.6,4.7,53,7,HDPE,Medium,0
P-1787,36.9,229.5,9.7,82,19,Cast Iron,Medium,1
P-847,66.4,101.2,3.6,60,7,PVC,Medium,0
P-004,72.6,105.4,4,50,2,PVC,Medium,0
P-1287,55.8,105,4.9,64,3,HDPE,Low,0
P-1223,68.2,130.6,4.7,55,6,Cast Iron,Low,0
P-468,68.8,110.6,3.9,64,6,PVC,Low,0
P-322,68,121.7,4.2,60,4,PVC,Medium,0
P-006,63.8,113.2,3.5,81,7,HDPE,Low,0
P-223,68.4,121.2,4.5,66,9,Cast Iron,High,0
P-1375,72.4,84.8,4.9,52,2,PVC,Medium,0
P-548,64,101.5,3.4,80,8,Steel,Low,0
P-229,61.4,82,4.6,82,2,Cast Iron,Medium,0
P-040,66,83.5,4.7,59,1,HDPE,Low,0
P-543,67.6,106.7,3.8,73,1,PVC,Low,0
P-243,67.5,139.6,4,50,6,Cast Iron,Low,0
P-899,71,105.7,4.6,84,3,PVC,High,0
P-1134,67.3,132.4,4.9,59,9,Steel,Low,0
P-1449,71.2,104.2,3.5,72,2,Steel,High,0
P-1869,29.1,224.2,9.3,79,15,PVC,Low,1
P-843,59.4,132.2,4,84,1,HDPE,High,0
P-1419,72.6,90.6,4.2,74,4,HDPE,Low,0
P-1654,36.5,195.2,6.8,77,25,HDPE,Medium,1
P-1970,51.3,258.7,7.9,68,27,PVC,Low,1
P-662,62.3,96.6,4.1,74,1,Steel,High,0
P-1211,58.8,127.8,4.5,66,5,PVC,Medium,0
P-315,71.5,120,3.9,77,5,PVC,Low,0
P-692,70.8,106.3,3.3,67,5,HDPE,Low,0
P-1504,65,110.8,4.4,76,6,HDPE,Medium,0
P-425,68.2,87,4.2,82,7,PVC,Medium,0
P-595,70.2,122.7,4.4,82,9,HDPE,Low,0
P-1964,46.5,243.1,9.4,62,13,Steel,Medium,1
P-623,74.4,111.3,4.5,66,8,PVC,Low,0
P-1171,68.8,95.8,4.1,67,8,Cast Iron,High,0
P-1044,64.8,113.4,4.4,51,6,HDPE,High,0
P-228,59.6,101,3.1,50,8,HDPE,High,0
P-1118,64.7,98.7,3.3,51,4,PVC,Medium,0
P-1332,71.1,86.8,4.7,59,8,HDPE,Low,0
P-1316,58.4,116.2,4.5,57,3,PVC,Low,0
P-067,64.6,73.4,4.4,58,5,PVC,Medium,0
P-025,62.3,64.7,4.7,50,2,HDPE,High,0
P-145,66.3,106.7,3.9,63,1,HDPE,Low,0
P-537,60.7,124.6,3.9,82,4,PVC,Medium,0
P-812,62.8,100.5,5,84,3,HDPE,Low,0
P-1467,73.3,103.8,3.9,75,9,PVC,Low,0
P-086,62.5,91.7,4.5,68,9,HDPE,Low,0
P-1661,53.2,209.2,9.8,66,14,Cast Iron,Medium,1
P-1646,44.3,186.6,8,51,13,Steel,Medium,1
P-1805,22,193.2,7.2,71,17,HDPE,Low,1
P-1818,32.8,216.3,8.3,82,25,Steel,Low,1
P-1577,56.9,97.5,4.4,66,9,Cast Iron,High,0
P-1145,64.1,116.5,3.3,78,2,PVC,Low,0
P-363,64.5,87.2,4.2,52,5,PVC,Low,0
P-1612,24.4,223.3,7.6,61,26,Cast Iron,High,1
P-1866,23.4,198.1,9.2,71,22,Cast Iron,High,1
P-1027,65.2,112.9,3.4,65,7,HDPE,Low,0
P-1031,63.7,72.7,3.6,74,9,HDPE,High,0
P-1304,61.2,94.6,3.1,54,9,HDPE,High,0
P-1356,52,107.5,4.5,84,7,PVC,Low,0
P-1731,37.8,245.7,7.3,56,24,PVC,Low,1
P-666,65.5,89.5,3.5,51,8,HDPE,Medium,0
P-365,68.5,100.6,3.4,66,1,HDPE,Low,0
P-078,63.5,128.1,3.3,81,6,PVC,Medium,0
P-028,66.9,128.6,3.1,59,8,Cast Iron,Low,0
P-1437,63.8,118.6,4.7,67,1,Cast Iron,High,0
P-526,56,117.2,4.4,74,8,PVC,Low,0
P-1835,33.9,190.9,7.3,57,28,PVC,Medium,1
P-056,69.7,97.7,3.5,65,1,HDPE,Medium,0
P-639,58.6,94.5,3.3,66,9,HDPE,Medium,0
P-303,68.7,104.2,4,71,5,HDPE,Medium,0
P-719,63.2,101.1,3.5,80,4,Cast Iron,Medium,0
P-625,73,116.1,3.9,52,6,Cast Iron,Low,0
P-008,68.8,97.7,3.9,75,9,PVC,Low,0
P-804,62.7,94.9,3.5,62,9,PVC,Low,0
P-1050,71.9,128,3.2,51,1,PVC,High,0
P-337,60.9,117.5,3.6,71,3,HDPE,Low,0
P-048,70.3,109.9,3.6,58,6,PVC,Medium,0
P-1764,24,244.7,7,52,23,Steel,Low,1
P-107,74.4,96.5,4.1,77,8,Cast Iron,Low,0
P-350,63.9,104.1,3.6,63,1,Cast Iron,High,0
P-1080,69.3,106.3,4.1,50,5,PVC,Low,0
P-239,61.7,103.9,3.7,54,6,HDPE,Low,0
P-214,68.3,103.2,4.4,80,7,HDPE,Low,0
P-1776,26.8,234.1,8.1,62,17,Cast Iron,Low,1
P-1139,68,117.1,4,65,7,PVC,High,0
P-794,58.6,96.1,3.9,62,8,Cast Iron,High,0
P-1587,65.9,99.6,3.3,84,6,HDPE,High,0
P-1583,59.9,138.8,3.5,56,7,HDPE,High,0
P-1672,36.3,246.2,9.5,80,10,HDPE,High,1
P-524,67.9,105.3,4,55,5,Cast Iron,Medium,0
P-233,65.2,80.4,3.9,77,8,PVC,Medium,0
P-645,63.8,93.7,3.4,62,5,PVC,High,0
P-1508,69.8,109.1,4.1,77,2,PVC,Low,0
P-534,58.9,96.2,4.2,57,8,HDPE,High,0
P-1942,36.1,256.9,7.2,81,18,Cast Iron,High,1
P-604,71.8,92.2,3.1,65,9,PVC,Low,0
P-1330,68,122.5,4.8,78,2,Cast Iron,High,0
P-1075,70,99,4,59,9,PVC,Low,0
P-1305,67.7,126.5,4.5,52,2,PVC,Medium,0
P-061,62.6,122.8,3.2,57,6,PVC,High,0
P-1264,60.4,127.6,4.5,59,8,HDPE,Low,0
P-093,61.5,119.3,3.3,63,7,PVC,Medium,0
P-667,63.7,122.7,3.1,59,4,PVC,Low,0
P-281,65.6,84.1,3.6,59,2,HDPE,Medium,0
P-1114,67.5,91.9,4.6,60,6,Cast Iron,Low,0
P-360,60.9,116.1,3.2,61,3,PVC,Low,0
P-1129,64.7,111.1,4.4,58,3,PVC,Low,0
P-1170,69.3,103.8,3.2,74,4,HDPE,High,0
P-848,77.3,97.4,4.2,53,1,Steel,Low,0
P-1522,67.9,72.6,4.7,64,4,PVC,Medium,0
P-111,55.4,101.8,3.3,68,1,PVC,Low,0
P-043,64.4,102.1,3.6,52,9,PVC,Medium,0
P-126,76,118.2,3.1,80,2,HDPE,Low,0
P-205,58.1,95.7,3.3,62,9,HDPE,Low,0
P-053,61.6,100.1,4.8,75,8,HDPE,Medium,0
P-546,61,116.5,3.5,56,4,Cast Iron,Medium,0
P-069,66.8,131.3,4.2,56,1,PVC,High,0
P-1741,39,198.6,6.5,75,22,PVC,Low,1
P-1548,66.5,132,4.5,62,2,PVC,Medium,0
P-184,67.4,130.6,4,64,8,Cast Iron,Low,0
P-138,63.4,133.2,3.4,52,1,Cast Iron,Low,0
P-900,60.9,114.3,3.4,80,1,HDPE,Medium,0
P-797,64.8,118.6,4.6,55,5,PVC,Low,0
P-133,59.7,120.1,5,84,5,Cast Iron,High,0
P-081,63.9,110,4.8,81,7,HDPE,High,0
P-1987,47.3,236.6,9.6,54,20,PVC,High,1
P-1541,64.9,115,3.5,78,9,HDPE,Low,0
P-542,59.4,91.1,3.5,81,7,PVC,Low,0
P-1669,48.4,215.7,7.1,52,16,HDPE,Low,1
P-984,64.8,114.3,4,78,5,PVC,Low,0
P-166,67.1,94.8,4.3,75,9,Cast Iron,Low,0
P-249,73.8,107.2,3.6,78,8,PVC,Low,0
P-447,66.8,114.4,3.2,68,5,Steel,High,0
P-1515,64.6,116.5,3.9,65,5,Cast Iron,Medium,0
P-859,62.2,127.7,3.2,84,4,HDPE,Low,0
P-1212,61.5,92.3,4.4,79,6,HDPE,High,0
P-098,66.3,93.9,4.5,69,4,HDPE,High,0
P-1974,41.9,222.6,7.8,75,27,HDPE,Low,1
P-738,69.9,115.1,3.8,60,2,Cast Iron,Low,0
P-1256,59,112.2,3.8,67,6,HDPE,Low,0
P-103,63.3,97,3.9,58,7,HDPE,High,0
P-435,72.5,113.4,4,80,4,Cast Iron,Low,0
P-075,51.9,100.7,4.3,70,5,PVC,Low,0
P-1792,41.2,207.6,6.8,59,18,PVC,Medium,1
P-1235,61,90.8,3.8,56,9,Cast Iron,Low,0
P-919,62.8,111.5,3,50,6,HDPE,High,0
P-1712,38.8,180.5,7.6,68,29,PVC,Medium,1
P-1671,37.6,250.9,8.5,73,17,Cast Iron,Medium,1
P-1621,41.1,178.8,8.9,64,22,PVC,Low,1
P-763,77.8,123.4,4.6,51,2,Cast Iron,Low,0
P-990,65.1,146.2,3.7,79,7,PVC,Low,0
P-389,69.8,123.4,4.6,84,3,PVC,Low,0
P-236,68.2,121,3.8,57,4,Steel,Low,0
P-1507,68.5,114.8,3.7,76,1,PVC,Low,0
P-268,57.8,114.8,3,50,6,Cast Iron,Low,0
P-1188,63.9,123.4,3.4,53,4,PVC,Low,0
P-118,59.2,95.1,3.6,67,5,PVC,Low,0
P-1607,41.2,196.6,8.4,77,22,Steel,Medium,1
P-674,63.1,101.9,4.4,67,7,HDPE,Low,0
P-250,67,123.8,3.6,51,1,Steel,High,0
P-1453,66.2,108.1,3.1,77,8,HDPE,Low,0
P-1995,43.5,158,6.6,82,16,HDPE,Low,1
P-095,63,125.6,3.4,64,4,PVC,Low,0
P-034,59.7,117.6,3.2,59,3,HDPE,Medium,0
P-1464,60.7,125.4,3.5,78,3,HDPE,Low,0
P-1668,35,237.7,9.8,77,28,Steel,Low,1
P-449,62.4,98.2,4.7,81,9,PVC,Medium,0
P-717,65.6,119.4,5,79,3,PVC,Low,0
P-1810,49,244.3,7.2,64,23,PVC,High,1
P-1518,68.2,116.4,4.6,64,1,HDPE,Medium,0
P-001,67.5,99.9,4,53,4,HDPE,Low,0
P-1376,64,94.6,4,74,6,HDPE,Low,0
P-1102,50.5,122.8,4.7,77,6,PVC,High,0
P-1109,61.9,116.8,4.2,65,2,HDPE,Medium,0
P-1227,65.2,97.3,4.4,70,3,Cast Iron,Medium,0
P-083,72.4,88.3,4.4,70,9,HDPE,Medium,0
P-1289,59.5,100.6,3.1,70,9,Steel,High,0
P-677,59.4,115.2,5,80,7,PVC,Low,0
P-1921,20.2,275.7,7.3,56,18,PVC,Low,1
P-1047,68.3,127.4,3.5,62,3,PVC,Low,0
P-771,68.5,106.9,3.2,67,2,PVC,Low,0
P-1947,43.8,236.1,7.7,76,14,Cast Iron,High,1
P-1281,65.7,97.1,3.1,75,1,Cast Iron,Low,0
P-1581,66,141.9,3.6,70,5,PVC,Medium,0
P-1489,57.4,96.1,3.5,55,5,Cast Iron,Medium,0
P-405,62.7,135.1,3.7,52,7,PVC,Low,0
P-1728,48.1,252.1,8.3,62,17,PVC,Low,1
P-1299,66.3,92.7,4.3,66,6,Steel,Low,0
P-1341,65.8,120.6,4.7,56,7,HDPE,Medium,0
P-105,64.2,92.2,4.8,55,9,HDPE,Low,0
P-689,68.6,121.4,4.5,52,1,Steel,Medium,0
P-1306,60.5,125.9,4.7,52,7,HDPE,Low,0
P-827,72.9,128.7,4.9,79,3,HDPE,Medium,0
P-063,59.5,115.9,4.9,79,8,PVC,Low,0
P-853,61.8,93.4,3.5,53,7,Cast Iron,Medium,0
P-1354,68.8,111.2,3.3,54,2,HDPE,Low,0
P-224,56.9,107.3,3.3,79,6,Steel,Low,0
P-146,68.9,132.3,4.5,68,3,HDPE,Medium,0
P-1089,63.7,80.7,3.3,68,9,HDPE,Low,0
P-374,69.8,117.5,3.4,52,6,PVC,Low,0
P-1421,67.7,100.9,3.8,65,8,PVC,Low,0
P-1143,64.2,108.5,4.5,60,3,PVC,Medium,0
P-1827,29.1,184.7,7.6,79,20,Cast Iron,Low,1
P-1495,72.7,117.7,4.4,62,5,Cast Iron,Low,0
P-1602,53.7,198.4,6.7,80,23,PVC,Medium,1
P-1271,70.5,106.8,4.3,69,1,PVC,Medium,0
P-010,67.7,124.1,3.2,72,8,PVC,Medium,0
P-450,59.7,99.6,4.2,62,5,PVC,High,0
P-709,54.6,104.7,4.3,54,7,Cast Iron,High,0
P-256,62.6,115.5,3.3,52,2,PVC,Medium,0
P-883,62.6,100.9,3.1,57,4,PVC,Medium,0
P-390,62.1,125.5,3.5,80,8,Cast Iron,High,0
P-909,68.2,103.2,4.3,77,1,PVC,Low,0
P-925,71,111.4,4,77,9,Steel,Low,0
P-1704,51.1,194.9,7.5,52,25,Steel,Low,1
P-1233,64.6,93.9,3.8,61,9,PVC,High,0
P-461,74.8,111.1,4.4,67,5,PVC,Low,0
P-1270,71.2,119.7,4.3,66,9,PVC,Medium,0
P-1760,53.1,219.3,6.8,75,13,HDPE,High,1
P-1169,68,108.6,4.8,65,8,PVC,Medium,0
P-959,67.8,127,4.2,78,6,Cast Iron,Medium,0
P-502,74.5,124.5,4.3,58,9,Cast Iron,Low,0
P-740,70.1,122.8,5,57,4,PVC,Low,0
P-1850,44.3,177,6.7,72,24,HDPE,Low,1
P-869,68.3,118,3.8,64,6,Cast Iron,Low,0
P-732,60.1,135.3,4.6,68,2,PVC,Low,0
P-540,62.1,110.8,4.3,71,9,PVC,Low,0
P-1202,62.9,116.4,4.1,84,2,PVC,Low,0
P-698,58.7,90.3,4.8,80,1,PVC,Medium,0
P-1393,75.1,108.9,4.6,73,7,Cast Iron,Low,0
P-1377,61.7,105.8,3.1,76,5,PVC,Low,0
P-1146,65.1,117.1,3.7,52,6,PVC,Medium,0
P-1032,56.7,100.1,4.8,79,4,Steel,Low,0
P-373,72.3,112.4,3.1,67,8,HDPE,High,0
P-668,72.5,91.5,3.9,65,4,HDPE,Medium,0
P-1526,70.4,92.4,3.5,65,3,HDPE,Medium,0
P-358,63.6,112.2,4.4,66,3,Cast Iron,Low,0
P-968,74,101.4,4.7,59,9,PVC,High,0
P-784,68.1,94.4,4.5,78,6,HDPE,Low,0
P-736,67.4,102,5,78,4,Cast Iron,Low,0
P-1036,72.9,116.7,3.2,66,5,Cast Iron,Medium,0
P-971,65.6,81.3,3.9,51,2,Cast Iron,Low,0
P-1525,63.1,101.3,3.2,82,8,PVC,Low,0
P-1487,57.9,133,4.5,81,4,Cast Iron,Medium,0
P-1524,60.2,134.4,3.5,73,5,PVC,Low,0
P-1491,62.2,105.1,3.4,62,9,PVC,Low,0
P-1643,39.2,190.3,9.5,65,29,PVC,Low,1
P-1253,55,119.6,3.2,55,8,HDPE,Low,0
P-1694,26.5,251.7,9.7,68,21,PVC,High,1
P-1750,50,175.8,8.3,63,13,Steel,High,1
P-1237,73.4,125.1,4.1,59,8,PVC,Low,0
P-886,74.2,102.5,3.7,66,3,PVC,Low,0
P-080,55.1,103.2,3.4,64,2,PVC,Low,0
P-1173,65.5,90.2,4.5,70,8,HDPE,Medium,0
P-815,70.2,137.5,4.1,55,1,Cast Iron,Low,0
P-1286,58.3,132.6,3.9,55,7,Steel,High,0
P-672,54.6,118.7,5,81,5,HDPE,High,0
P-1532,56.2,137.9,4.6,79,9,PVC,High,0
P-058,63.5,123.1,4.7,67,4,PVC,Low,0
P-134,67.4,118.9,3.8,76,7,PVC,Low,0
P-1141,63.5,122.7,3.8,55,6,HDPE,Low,0
P-934,54,124.3,4.9,58,4,PVC,Low,0
P-1685,28.2,238.1,9.4,57,21,Cast Iron,Low,1
P-824,63.2,88.9,3.5,80,5,PVC,High,0
P-1215,63.5,121,4.7,84,4,PVC,Medium,0
P-505,61.7,93.7,4.3,56,3,Cast Iron,Low,0
P-1775,32.6,166.9,8,69,11,PVC,Low,1
P-348,58,97.1,3.6,56,4,PVC,High,0
P-387,66.7,106.5,5,67,4,HDPE,Medium,0
P-1025,73.6,82,3.1,83,9,Cast Iron,Medium,0
P-895,71.9,117.6,4.8,75,3,Cast Iron,Low,0
P-829,62.9,124.3,4.3,76,2,PVC,Low,0
P-1893,35.6,196,7.5,68,25,Steel,Low,1
P-476,63.8,120.8,3.1,50,8,PVC,Low,0
P-1471,71,108.6,4.9,56,4,PVC,Medium,0
P-1448,67.9,97.9,3.3,73,5,PVC,Low,0
P-1582,70.7,130,3.4,60,6,Cast Iron,Low,0
P-653,63.7,117.7,3.3,56,1,HDPE,Medium,0
P-173,64.6,105.2,4.4,67,8,PVC,Low,0
P-1150,60.8,96.6,4.4,61,1,Steel,High,0
P-039,58.4,109.6,4.9,59,6,HDPE,Medium,0
P-714,67,89,4.8,53,9,Cast Iron,Low,0
P-091,65.5,114.9,3.7,83,6,PVC,Low,0
P-1937,42.5,257.5,7.3,73,29,PVC,Low,1
P-1206,65.2,99.8,3.7,65,7,HDPE,Low,0
P-876,74,96.4,3,77,7,PVC,Low,0
P-1352,56,104.9,3.5,77,4,HDPE,Medium,0
P-1890,39.9,245.5,7.9,79,15,Cast Iron,Low,1
P-1094,65.3,116.3,4,77,5,PVC,Low,0
P-1156,70,85.5,5,56,1,PVC,High,0
P-1782,39.2,210.2,9.2,68,21,PVC,Low,1
P-1959,50.6,253.5,8.8,67,12,Cast Iron,Low,1
P-500,58.1,115.1,3.1,82,4,PVC,Low,0
P-339,67.1,110.1,4.4,72,9,PVC,Low,0
P-1189,67.8,123.4,3.2,58,3,PVC,Low,0
P-029,62,113.1,3.9,78,6,HDPE,Low,0
P-1218,66.4,102.1,3.9,53,7,Cast Iron,Low,0
P-1400,61.7,103.9,4.6,75,4,HDPE,Medium,0
P-1821,38.7,208,9.8,66,10,PVC,Low,1
P-946,59.6,92.8,4.1,52,4,PVC,Low,0
P-170,61.2,117,3.8,78,1,PVC,Low,0
P-1405,70,116.5,4,56,8,PVC,Low,0
P-1198,67.8,81.8,4.3,55,7,HDPE,High,0
P-1254,66.9,125.9,3.4,84,2,HDPE,Medium,0
P-1614,39.2,231.9,6.6,73,26,PVC,Medium,1
P-913,66.2,99,3.3,70,9,HDPE,Medium,0
P-492,72.4,99.7,3.6,52,1,Steel,Low,0
P-954,72.2,132.8,3.5,64,4,HDPE,High,0
P-1098,55,118.8,3.3,53,8,HDPE,Low,0
P-1033,67,116.8,3.3,67,8,Steel,Low,0
P-588,60.8,107,4.3,57,6,HDPE,Low,0
P-751,60.4,136.3,4.4,70,2,HDPE,Medium,0
P-658,64.9,123.4,4.8,66,9,Steel,Medium,0
P-235,75.7,91.8,4,79,9,HDPE,Low,0
P-733,67,118.4,3.8,50,2,Steel,High,0
P-1989,33.6,277.7,9.8,60,13,PVC,Medium,1
P-1633,33.6,212.9,8.1,76,22,HDPE,High,1
P-1157,61.6,91.4,4.6,59,9,HDPE,Low,0
P-1470,67.2,106.7,4.6,55,1,HDPE,Medium,0
P-1425,59.8,83.4,3.7,83,1,PVC,Low,0
P-1628,52.8,242.9,7.5,64,16,Cast Iron,Low,1
P-935,67.2,123.1,4,78,3,Cast Iron,Medium,0
P-1210,73.7,116.8,4.1,80,2,HDPE,Low,0
P-1066,59.4,114.8,4.9,55,1,PVC,Low,0
P-109,66.3,105.1,3.8,62,2,HDPE,Low,0
P-1543,73.3,123.2,3.2,75,2,Cast Iron,High,0
P-569,55.6,122.9,4.1,71,1,HDPE,Medium,0
P-1168,67.8,112.4,4.8,68,8,Steel,Medium,0
P-1175,61.2,95,3.3,53,4,PVC,High,0
P-891,69.1,112.1,3.8,53,3,HDPE,Medium,0
P-948,61.5,65.1,3.2,76,5,PVC,High,0
P-1049,72.4,116.4,3.1,57,9,Steel,Low,0
P-1353,67.7,116.4,3.9,73,7,Steel,Low,0
P-1778,39.6,183.1,6.8,60,23,HDPE,Low,1
P-1447,62.4,108.3,5,62,3,HDPE,Low,0
P-885,68.4,68.8,3.6,52,2,PVC,Medium,0
P-1673,36.1,185.7,8.2,60,10,HDPE,Low,1
P-851,61.9,101.8,3.3,69,8,PVC,Low,0
P-735,70.1,139.8,3.7,71,1,HDPE,Low,0
P-718,65.8,123.3,3.4,68,3,PVC,Low,0
P-455,62.3,120.2,4.3,52,1,Cast Iron,High,0
P-265,63.7,120.2,3.7,65,1,PVC,Medium,0
P-076,69.1,105.3,4.8,80,4,PVC,Low,0
P-1658,53.2,157.4,9.3,52,23,PVC,Medium,1
P-445,58.5,102.5,4.6,83,2,HDPE,Medium,0
P-396,62.7,88.3,4.7,74,6,Cast Iron,Medium,0
P-177,65.1,85.9,3.9,59,2,Cast Iron,Low,0
P-1043,70.4,101.2,3.5,76,5,Cast Iron,Low,0
P-1736,23.8,216.3,8,63,10,Cast Iron,High,1
P-1402,67.7,118.5,4.9,80,8,Cast Iron,Medium,0
P-1381,68.4,142.5,3.9,57,7,Steel,High,0
P-596,62.4,76.3,4.7,67,5,PVC,Low,0
P-062,64.1,107.9,3,55,7,HDPE,Medium,0
P-1297,69.6,135.1,4,67,4,PVC,Low,0
P-873,58.1,78.7,4.9,80,4,PVC,Low,0
P-1490,71.3,86,3.6,54,4,Steel,Low,0
P-1879,23.2,174,9.1,66,17,HDPE,Medium,1
P-279,65.3,120,4.5,76,7,HDPE,High,0
P-037,66,115.9,4.5,80,9,PVC,Medium,0
P-1976,36.1,225.7,6.6,63,11,PVC,Low,1
P-663,64.8,119,4.4,68,7,PVC,Low,0
P-1954,33.5,237.1,8.2,74,16,PVC,Low,1
P-1445,67,120.4,4.7,57,9,PVC,Low,0
P-978,52.9,97.3,4.9,51,3,Steel,Low,0
P-1572,58.7,129.7,4.8,65,1,Cast Iron,Low,0
P-739,73.3,133.3,3.3,66,5,PVC,Low,0
P-192,69.3,116.9,3.1,76,2,Cast Iron,Medium,0
P-920,66,129.4,4.1,78,5,HDPE,Low,0
P-457,64.5,101.3,3.9,73,1,PVC,Low,0
P-676,61.1,80.6,5,59,2,HDPE,Medium,0
P-761,62.1,119.4,4.6,51,9,HDPE,Low,0
P-1808,45.1,160.9,7.4,62,28,Cast Iron,Low,1
P-1603,33.5,281.5,7,70,18,PVC,Low,1
P-729,62.3,98.9,3.6,75,1,HDPE,Medium,0
P-413,57.3,93.2,4.4,75,4,PVC,Low,0
P-1099,69.6,108.1,3.1,54,2,HDPE,Low,0
P-826,72.3,135.6,3.7,77,6,PVC,Medium,0
P-1640,29.3,233.7,7.3,54,23,Cast Iron,Medium,1
P-617,65.5,99,3.3,82,2,Cast Iron,Low,0
P-115,64,121.1,4.4,73,4,PVC,Medium,0
P-418,65.6,115.1,4.8,52,3,Steel,High,0
P-1911,57.3,177.5,9.8,78,10,HDPE,Low,1
P-970,57.8,114.1,3.3,78,9,Cast Iron,Low,0
P-605,67.1,100.6,4.2,78,6,HDPE,Low,0
P-1919,38.3,248.5,9.8,83,18,PVC,Low,1
P-090,67.6,131.8,3.1,70,7,Steel,Low,0
P-849,61.8,100.9,3.2,74,8,HDPE,Low,0
P-1520,74.3,76.7,3.6,62,1,HDPE,Medium,0
P-1918,33.8,236.4,6.6,54,18,Steel,Low,1
P-754,70.3,107.7,3.7,77,6,PVC,Medium,0
P-499,60.6,121.9,5,83,6,HDPE,Medium,0
P-1277,76.6,127.6,4.2,56,4,Steel,High,0
P-1326,55.1,117.1,3.7,60,2,Steel,High,0
P-012,62.7,98.6,3.5,64,7,HDPE,Medium,0
P-397,56.4,96.2,4.7,82,3,PVC,High,0
P-285,75.7,103,3.3,80,5,PVC,High,0
P-1067,58.5,136.3,4.3,60,5,HDPE,Low,0
P-1192,58.3,120.7,4.9,76,6,HDPE,Low,0
P-1745,30.7,190.1,7.3,84,15,Cast Iron,Medium,1
P-691,63.2,94.7,4.9,79,3,Cast Iron,Low,0
P-1753,33.5,257.6,7.3,78,15,Cast Iron,Medium,1
P-1876,54,255.8,7.3,62,21,Cast Iron,Medium,1
P-690,67.2,119.2,4.9,78,6,Steel,Medium,0
P-852,62.2,122.5,4.3,80,5,HDPE,Low,0
P-160,68.3,118.4,3.8,66,7,Cast Iron,Medium,0
P-896,68.2,168.9,3.2,66,8,HDPE,Low,0
P-1576,64.8,114.3,4.8,78,4,PVC,Low,0
P-258,61.5,103.7,4,66,3,PVC,Medium,0
P-336,64.3,118.6,3.9,68,8,PVC,Low,0
P-1880,31.9,214.1,8.2,70,24,PVC,Low,1
P-1040,70.2,106.9,3.8,51,3,Cast Iron,Low,0
P-516,68.8,114.9,3.9,58,9,Cast Iron,High,0
P-1349,58.2,120.2,5,70,4,HDPE,High,0
P-1016,66,125.6,3.4,78,3,Steel,Medium,0
P-769,61.9,102.3,3.8,71,8,HDPE,High,0
P-1747,49.8,154.7,9.5,55,16,PVC,Medium,1
P-762,65.6,97.9,3.9,74,5,PVC,Medium,0
P-1247,65.2,116.6,4.3,78,3,PVC,Low,0
P-1204,67.7,129.2,4.3,83,9,PVC,Low,0
P-1468,67,112,4.2,63,2,PVC,Low,0
P-1984,48.6,186.3,6.9,84,18,Cast Iron,Medium,1
P-522,67.7,154.8,4.9,69,9,HDPE,High,0
P-023,65.3,130.4,3.1,58,6,Cast Iron,Low,0
P-357,64.9,104.5,4.4,58,2,HDPE,Medium,0
P-1278,67,112,4.4,84,8,HDPE,Medium,0
P-1313,72,141.3,3.9,75,2,HDPE,Medium,0
P-1683,31,225.4,6.5,79,18,Steel,Low,1
P-341,60.9,120.5,4.5,60,9,PVC,Low,0
P-432,54.8,94.7,4,55,1,HDPE,Low,0
P-474,71.8,89.3,3.2,83,8,Cast Iron,Low,0
P-218,63.8,109,4.4,54,6,Cast Iron,Low,0
P-912,66.1,115.4,3.1,64,6,Steel,Low,0
P-1228,64.3,128.7,3.6,73,1,Cast Iron,High,0
P-1597,68.1,95.4,3.3,57,7,PVC,High,0
P-1012,66,129.9,3.5,62,6,HDPE,Medium,0
P-1950,39.5,181.6,9.4,79,26,HDPE,Low,1
P-094,63.4,92.9,5,68,1,PVC,Medium,0
P-1009,70.2,126.2,3.9,81,2,Cast Iron,Medium,0
P-1071,64.8,91,3.2,70,3,PVC,Low,0
P-1093,68.6,108.6,3.5,62,9,HDPE,Medium,0
P-1915,22,175,8,73,12,PVC,Low,1
P-1309,70.4,136.4,4.2,77,8,PVC,High,0
P-697,66.6,126.2,3.5,77,2,HDPE,Low,0
P-1828,54.1,234.6,8,61,17,PVC,Low,1
P-997,74,113.9,3.2,79,9,PVC,Low,0
P-154,66.2,113.5,3.1,83,3,Cast Iron,Medium,0
P-1100,66.7,118.7,4.3,74,9,HDPE,High,0
P-1719,47.1,214.6,9.4,59,15,HDPE,High,1
P-1998,31.2,210.4,7.1,65,29,Steel,Low,1
P-790,56.7,112.7,4,59,4,HDPE,High,0
P-581,66.7,115.6,3.4,55,4,Steel,High,0
P-704,58,125.4,3.8,65,2,Cast Iron,Low,0
P-1213,61.4,135,3.4,80,7,Cast Iron,High,0
P-1296,64.5,93.9,3.3,71,8,Cast Iron,Low,0
P-1666,39.8,182.3,6.5,52,13,HDPE,Medium,1
P-1261,67.8,106.4,4.1,50,8,PVC,High,0
P-488,59.6,109.3,4.3,80,7,PVC,Low,0
P-560,62.9,123.9,4.2,59,9,HDPE,Medium,0
P-1142,71.9,78.1,3.7,75,8,PVC,Low,0
P-1120,70.3,134.8,4.3,71,7,Cast Iron,Low,0
P-802,62.4,150.4,4.7,68,5,PVC,Low,0
P-513,63.8,118.2,3.9,70,7,Cast Iron,Low,0
P-634,62.9,114.7,3.5,74,1,Cast Iron,Low,0
P-1922,47.5,226.7,6.8,65,24,HDPE,Medium,1
P-1788,32.5,193.4,8.7,82,11,PVC,Medium,1
P-1546,67.3,114.7,3.7,78,8,PVC,Medium,0
P-1151,60,122.6,3.4,63,8,PVC,High,0
P-791,67.1,118.9,3,68,3,PVC,Low,0
P-117,64.8,106.6,4.9,77,5,Cast Iron,Medium,0
P-741,55.8,116.2,4.6,71,8,Cast Iron,Medium,0
P-1691,45.9,236,7.1,72,11,PVC,Medium,1
P-1082,63.3,112.1,3.1,64,8,Steel,Medium,0
P-831,58.3,84.4,3.3,75,8,PVC,High,0
P-120,68.8,107.1,4.4,66,8,HDPE,High,0
P-657,65.1,93.6,3.3,54,8,PVC,Low,0
P-1908,28.7,177.8,6.6,67,21,PVC,Low,1
P-636,56.7,126.1,3.2,65,4,PVC,Medium,0
P-370,61.1,128.5,3.4,70,3,Cast Iron,Low,0
P-269,62.8,102.4,4.6,73,8,PVC,High,0
P-656,65.3,122.8,3.2,54,3,PVC,Medium,0
P-936,62.5,132.1,3.1,75,5,HDPE,Low,0
P-823,76.5,109.3,3.9,54,3,HDPE,Medium,0
P-867,66.4,97.4,3.5,79,3,PVC,Low,0
P-047,62.7,110,4.5,53,2,PVC,Low,0
P-1374,56.9,137.1,4.1,72,1,Steel,Low,0
P-1709,38.7,232.7,7.7,74,27,Steel,Low,1
P-992,54.8,119,4.1,75,4,PVC,Low,0
P-877,62.4,96,4.4,81,4,Cast Iron,Medium,0
P-774,69.9,86.8,3.5,65,2,PVC,Low,0
P-1220,75.7,120.8,3.8,67,7,Steel,Low,0
P-2000,32.6,230.8,8,74,16,PVC,Low,1
P-005,63.8,81.6,4.2,53,8,HDPE,Medium,0
P-1004,61.8,138.3,3.1,78,1,PVC,High,0
P-1724,46.2,166.4,7.5,73,20,PVC,Low,1
P-264,59.9,93.9,4.9,73,2,Cast Iron,High,0
P-1570,62.4,123.6,4.6,64,1,PVC,Low,0
P-1831,47.1,213.9,6.6,73,19,PVC,Low,1
P-444,64.6,120.3,4.6,52,2,HDPE,High,0
P-1003,65.3,103.8,3.6,54,8,HDPE,Low,0
P-1078,62.9,118.3,4.9,56,7,PVC,Medium,0
P-838,60,134.4,3.3,81,2,HDPE,Low,0
P-1791,21.2,237.6,9.9,77,15,PVC,Medium,1
P-305,64.9,139.9,4.2,84,9,Cast Iron,High,0
P-1366,64.2,139.3,3.2,80,2,PVC,Low,0
P-1558,61,111.8,4.4,66,1,HDPE,High,0
P-314,69.1,117.5,4,71,1,PVC,Low,0
P-150,66.5,85.4,3.9,56,3,PVC,Low,0
P-1149,73,108.3,4.6,75,5,PVC,High,0
P-1214,69.5,132.8,4.1,68,3,PVC,Low,0
P-575,69.1,149.3,3.1,57,5,Steel,Low,0
P-051,66.6,122.4,3.1,71,4,Cast Iron,Medium,0
P-1553,60.6,115.2,4.6,76,6,HDPE,Medium,0
P-727,65.1,125.2,4.9,76,8,PVC,Low,0
P-834,61.2,105.9,4.2,74,8,Steel,High,0
P-1378,70.2,95.5,4.1,76,8,PVC,Medium,0
P-1116,66.8,113.8,3.6,82,8,PVC,Low,0
P-1167,71.9,104.2,4.7,58,1,PVC,Low,0
P-471,63.6,126.1,4.7,54,4,PVC,High,0
P-972,61.6,109,3.3,68,8,HDPE,Medium,0
P-654,59.5,125.5,4.3,72,9,Cast Iron,Low,0
P-400,71.2,111,3.6,53,2,HDPE,Medium,0
P-512,64.7,118.2,4.4,81,8,PVC,High,0
P-321,65.5,116.6,4.7,62,5,HDPE,Low,0
P-020,57.9,91.4,3.1,64,3,PVC,Low,0
P-685,58.9,115,4.3,52,5,PVC,Medium,0
P-036,58.9,151.4,3.2,64,5,HDPE,Low,0
P-903,65.1,101.5,3.6,65,7,Cast Iron,Low,0
P-1779,35.7,157.7,7.3,64,18,PVC,Medium,1
P-828,62.4,109.1,4.1,67,8,PVC,High,0
P-1854,49.2,186.8,6.6,52,25,PVC,Low,1
P-408,64.3,122.4,3.6,72,6,HDPE,Low,0
P-921,70.4,99.2,3.9,73,3,HDPE,Medium,0
P-538,63.1,123.8,3.9,76,1,Cast Iron,Medium,0
P-759,60.7,93,5,80,6,HDPE,Low,0
P-1905,38.9,268.4,9.1,69,28,PVC,Low,1
P-1063,70.7,108.6,3,69,3,Cast Iron,High,0
P-1200,71.8,116.6,4.9,53,5,Cast Iron,Medium,0
P-246,63.3,111.6,4.9,81,7,PVC,Medium,0
P-1417,65.3,122.6,3.8,74,5,PVC,Low,0
P-1128,61.2,129.8,3.1,58,9,Cast Iron,Low,0
P-785,67.8,102.7,3.3,71,2,PVC,High,0
P-1743,40.7,229.7,8.2,59,24,PVC,Medium,1
P-490,69.4,81.2,5,50,6,HDPE,Medium,0
P-155,66.5,91.1,4.2,72,9,PVC,Low,0
P-962,71.6,100.9,3.5,65,1,HDPE,High,0
P-854,70.9,113.3,4.4,50,3,PVC,Low,0
P-1312,69.1,116.7,3.5,82,4,Cast Iron,Medium,0
P-626,62.4,97.1,3.8,54,8,HDPE,Medium,0
P-686,68.6,114.7,3.9,56,6,PVC,Low,0
P-1562,61.3,98.6,4,83,3,Cast Iron,Low,0
P-570,63.2,106.5,4.6,58,1,PVC,Medium,0
P-1909,28.1,237.6,7.2,50,23,PVC,Low,1
P-018,66.6,79.9,3.2,60,4,HDPE,Medium,0
P-128,62.2,126.7,3.6,51,1,HDPE,Low,0
P-1347,52.2,105.7,4.5,62,1,PVC,Medium,0
P-1280,63.5,118.3,4,50,1,Cast Iron,Medium,0
P-1969,38.1,280.5,9.2,57,19,HDPE,Medium,1
P-928,66.9,113.2,3.3,52,8,Cast Iron,High,0
P-981,68.9,114,4.1,56,1,Cast Iron,Low,0
P-1965,45.6,201.8,7.4,66,11,Cast Iron,Low,1
P-191,62.8,86,4.1,79,5,HDPE,Low,0
P-1140,68.5,106,3.2,78,1,HDPE,Medium,0
P-993,63.8,111.1,3.5,68,1,PVC,Low,0
P-1956,53.7,201.7,9.9,67,13,Cast Iron,Low,1
P-1657,41.7,220.2,9.9,68,29,Steel,Medium,1
P-607,61.1,100.9,4.4,61,6,HDPE,Low,0
P-181,68.1,107.1,4.4,52,5,PVC,High,0
P-302,62.2,95,4.6,84,1,Cast Iron,Low,0
P-497,59.8,105.8,4.7,63,6,PVC,Low,0
P-1721,45.1,249.9,7.9,64,28,Cast Iron,Low,1
P-1710,30.3,221.2,8.2,75,17,PVC,Low,1
P-1888,44.2,215.1,9.8,58,27,PVC,Low,1
P-1992,47.5,205.9,9.2,62,12,PVC,Low,1
P-518,60.1,76.7,4.3,74,8,PVC,Low,0
P-1985,49.5,227.3,9.3,62,14,Cast Iron,Medium,1
P-1070,66.7,120.4,3.7,74,7,PVC,Medium,0
P-477,67.9,106.5,3.5,53,4,Cast Iron,Low,0
P-158,67.4,105.2,4.2,60,8,Steel,Low,0
P-1244,59.9,125.9,4.9,57,9,HDPE,Medium,0
P-1196,67.2,81.8,3.2,55,5,Steel,Low,0
P-017,59.9,106,4.2,73,4,Cast Iron,Medium,0
P-1536,57,133.9,4.1,82,6,PVC,Low,0
P-1073,65.4,113,4.6,67,2,Steel,Low,0
P-1972,10.6,186.9,7,79,10,HDPE,High,1
P-547,67.9,89.3,4.1,82,7,Cast Iron,Low,0
P-1540,50.6,107.6,4.5,69,5,PVC,Low,0
P-659,66,112.6,4.6,79,3,PVC,Low,0
P-1626,50.8,191.6,7.7,78,26,HDPE,Low,1
P-1020,67.1,118.3,4.6,70,8,PVC,Medium,0
P-1663,18.8,231.2,7.1,83,17,PVC,High,1
P-1505,64.1,102.5,4.8,69,5,HDPE,Low,0
P-960,67.2,93.4,3.7,55,3,HDPE,Low,0
P-1882,56.2,225.3,6.5,71,29,HDPE,High,1
P-284,58.8,95.3,3.8,61,2,Cast Iron,Medium,0
P-798,68.4,83.2,4.2,57,7,Steel,High,0
P-1627,35.5,195,9.3,70,15,Cast Iron,High,1
P-226,70.4,129.8,4.2,62,3,HDPE,Low,0
P-027,59.2,137,3.8,80,8,Cast Iron,Low,0
P-1771,40.4,250.1,6.9,66,16,PVC,Medium,1
P-438,58.1,122.4,3.9,62,9,Cast Iron,Low,0
P-1949,51.3,211.6,8.4,62,21,PVC,High,1
P-1389,65.2,122.9,3.5,54,7,Cast Iron,Medium,0
P-230,68.4,125.1,3,74,5,PVC,Low,0
P-038,55.2,102.4,4.9,56,9,Cast Iron,Medium,0
P-750,58,106.9,3.9,55,7,Steel,Low,0
P-1046,69.4,79.3,5,53,4,PVC,Low,0
P-1399,71,144.1,4.3,65,8,Steel,Low,0
P-470,62.1,106.9,4.3,83,9,HDPE,High,0
P-1693,48.7,256.5,9.3,51,28,PVC,Low,1
P-1968,38.5,163.3,8.8,63,22,PVC,High,1
P-688,63.1,87,3.6,64,2,HDPE,Low,0
P-1844,40.9,178.8,7.1,51,22,HDPE,Medium,1
P-640,58.5,116,4.9,72,3,Cast Iron,Medium,0
P-1713,18.3,228.4,9.1,71,11,HDPE,High,1
P-1219,60.8,99,3.3,77,6,HDPE,Low,0
P-1159,69.9,129.9,4.2,75,1,Cast Iron,Low,0
P-1416,69.6,107.8,3.8,55,7,HDPE,Low,0
P-1528,72.7,141,4.2,78,3,PVC,Low,0
P-1656,37,230.9,6.8,67,10,HDPE,High,1
P-1301,61.7,115.1,4.9,51,3,Cast Iron,Low,0
P-1823,37.8,218.7,8.2,70,16,Steel,Low,1
P-801,69.7,112.8,4.3,72,1,PVC,Medium,0
P-1604,32,220,9.5,74,27,HDPE,Low,1
P-161,60.1,93.3,4.4,56,7,PVC,Medium,0
P-957,66.7,124,4.4,68,3,PVC,Low,0
P-1187,60.1,92,4.7,54,9,Steel,Low,0
P-822,72,122.7,3.4,61,7,Cast Iron,Low,0
P-1682,39.8,208.2,6.8,72,15,HDPE,Low,1
P-878,66.1,100,4.7,59,2,HDPE,Low,0
P-914,72.9,121.4,3,84,1,HDPE,High,0
P-153,61.6,110.3,3.8,73,4,Cast Iron,High,0
P-1871,28.9,178.3,8.9,80,13,Steel,Low,1
P-1777,33.9,165.1,8.6,62,16,HDPE,Low,1
P-510,60.8,90.2,3.7,60,6,HDPE,Medium,0
P-1136,69.8,116.6,3.7,53,4,HDPE,Low,0
P-1251,66.7,119,4.1,60,4,Steel,Low,0
P-1684,43.2,256.9,8.1,59,24,PVC,Low,1
P-104,61,126.9,4.6,81,8,PVC,Medium,0
P-1446,61.7,92.9,4.5,67,6,HDPE,Medium,0
P-1444,58.5,133.8,3.5,84,9,Cast Iron,Medium,0
P-587,62.7,90.2,4.9,68,6,Cast Iron,Low,0
P-1769,41.2,239.9,9.7,68,20,Cast Iron,Medium,1
P-1144,65.6,101,4.6,73,9,PVC,Medium,0
P-054,68.1,105.4,4.2,79,8,PVC,Medium,0
P-152,66.7,134.9,3.7,80,4,PVC,Low,0
P-404,65.2,105.9,3.8,71,8,Cast Iron,Low,0
P-1943,42.7,202.1,8.3,55,11,PVC,High,1
P-208,67.6,115.3,3.7,60,5,PVC,Low,0
P-1895,39.1,208.2,9.4,72,26,HDPE,Low,1
P-1123,68.2,117.4,4.4,59,2,PVC,Medium,0
P-1891,45.5,240.8,9.8,75,21,HDPE,Low,1
P-009,62.7,119.9,3.1,66,9,PVC,Medium,0
P-1015,73.7,101.2,4.5,57,5,HDPE,Medium,0
P-1907,24.3,259.8,9.2,69,13,HDPE,High,1
P-1061,68.9,114.8,4.1,78,9,HDPE,Low,0
P-453,60.1,109,4.1,82,3,PVC,Medium,0
P-254,70.2,109.8,4.2,61,9,PVC,Medium,0
P-1328,64.3,101.2,4.7,78,3,PVC,High,0
P-897,64.2,78.7,4.9,73,4,PVC,Low,0
P-1734,37,224.4,9.3,70,22,PVC,High,1
P-881,77.6,76.4,4.6,58,4,Cast Iron,High,0
P-1596,60,127.2,4.5,75,6,PVC,Medium,0
P-1889,35.3,224.3,8.4,63,14,HDPE,Low,1
P-624,71.7,131.2,3.6,83,6,PVC,Medium,0
P-346,66.2,126.5,3.6,60,6,PVC,Medium,0
P-1703,46.3,192.5,8,77,12,PVC,Low,1
P-263,48.8,128.5,4.9,69,7,PVC,Low,0
P-1635,36.7,232.6,9.8,78,28,Cast Iron,Low,1
P-1322,67.6,96.4,4.4,61,3,PVC,Low,0
P-1439,67.5,90.7,3.1,79,8,HDPE,Low,0
P-151,66.3,107.4,3.3,68,7,PVC,Low,0
P-473,57.4,98.2,4.3,54,5,Cast Iron,Low,0
P-641,63.3,137.1,3.9,58,4,Cast Iron,High,0
P-1983,33.7,314.6,8.2,67,28,Cast Iron,Medium,1
P-1883,27.7,164.7,9.4,61,25,Steel,Low,1
P-551,65.4,86.2,4.6,73,7,HDPE,Medium,0
P-1780,33.1,217.4,9.8,66,24,Steel,Medium,1
P-929,72.8,133.7,4.3,64,5,HDPE,Low,0
P-489,73.4,110.4,3.7,61,2,HDPE,Low,0
P-1812,41.5,232.6,8.1,79,24,HDPE,Medium,1
P-1172,66.4,119.1,4.5,72,4,PVC,High,0
P-147,58.8,86,3.5,79,7,HDPE,Medium,0
P-1705,44.1,215.8,9.1,67,21,PVC,Low,1
P-1929,51,184.6,6.6,69,17,HDPE,High,1
P-403,65,101.8,3,82,9,HDPE,Low,0
P-955,64.6,95.8,4.7,55,2,Cast Iron,Medium,0
P-1878,37.9,227.3,6.6,58,15,PVC,Low,1
P-660,64.3,118.3,3.7,58,6,Cast Iron,Medium,0
P-1373,58.1,131.8,4.2,52,7,PVC,Low,0
P-464,66.1,91.4,3.2,82,1,HDPE,Medium,0
P-1350,63.9,107.9,3.9,59,1,PVC,Medium,0
P-187,67.4,88.6,3.8,63,6,Cast Iron,Medium,0
P-1148,57.8,99.3,3.3,50,2,PVC,Medium,0
P-1225,64.1,114.3,3.7,57,7,Steel,Low,0
P-609,56.1,123.5,3.5,76,4,HDPE,Low,0
P-144,65.9,113.7,4.2,59,6,HDPE,Low,0
P-752,58.2,133.6,4.5,75,1,Cast Iron,High,0
P-1535,62.7,141.4,3.3,55,3,PVC,Low,0
P-982,67.1,129.1,3.8,79,2,PVC,Low,0
P-198,65.8,110.3,3.6,50,5,Steel,Low,0
P-1634,50.3,242.3,9.4,72,11,HDPE,Low,1
P-884,70.2,116.9,4.2,56,3,PVC,Low,0
P-280,63.1,116.9,5,71,2,HDPE,High,0
P-294,69.2,97.9,5,76,7,HDPE,Low,0
P-1824,33.5,225.5,9.6,51,20,HDPE,Medium,1
P-401,57,99.2,3.1,63,5,HDPE,Low,0
P-123,72,109.7,3.4,53,2,Cast Iron,Medium,0
P-1208,61.7,122.5,3.4,83,2,Cast Iron,Medium,0
P-203,70.4,120.8,3.9,75,2,Steel,Low,0
P-1463,64,112.4,3.2,58,3,HDPE,Low,0
P-836,66.2,105.5,4.6,51,7,PVC,High,0
P-247,62.6,96.5,3.3,52,6,HDPE,High,0
P-1440,68.7,114.4,4.6,83,6,Steel,Medium,0
P-1754,21.7,206.6,9.3,64,29,HDPE,Low,1
P-1902,36.7,216.1,7.9,66,22,PVC,Low,1
P-1708,59,260.6,6.7,78,18,Cast Iron,Low,1
P-1881,49.6,229.1,8.1,80,27,Steel,Low,1
P-1154,58.4,104.4,4.3,53,3,Cast Iron,Medium,0
P-1662,38.8,198.2,7.7,72,15,Cast Iron,Low,1
P-1427,75.3,113.8,3.4,77,9,PVC,Low,0
P-385,61.2,110.5,3.7,59,3,PVC,Low,0
P-1759,56.1,228.3,9.8,77,14,HDPE,Low,1
P-855,72.1,128.3,4.6,52,2,Cast Iron,High,0
P-1590,65.4,104.1,3.9,54,5,HDPE,Low,0
P-220,65.4,106.3,3.4,83,3,PVC,Low,0
P-642,73.3,106.7,4.9,51,5,HDPE,Low,0
P-002,64.3,107.8,3.2,63,8,Cast Iron,Low,0
P-113,65.3,110.6,4.5,76,1,HDPE,Medium,0
P-699,69.6,119.3,4.3,68,6,PVC,Low,0
P-1916,34.6,217.2,8.1,69,15,PVC,Low,1
P-952,66.8,121.7,3.2,54,5,HDPE,Low,0
P-1649,51.9,243.5,9.2,55,25,Cast Iron,Low,1
P-1637,30.4,209.8,8.8,56,21,HDPE,High,1
P-1886,42.8,236.1,8.9,75,18,PVC,High,1
P-1411,71.6,99.9,4.2,66,9,HDPE,Medium,0
P-1410,63.7,140.7,4,59,8,Cast Iron,Medium,0
P-1534,64.3,91.4,3.2,65,4,PVC,High,0
P-1292,77.5,72.7,3.9,81,5,Cast Iron,High,0
P-1809,24.2,239.6,9.2,76,11,HDPE,High,1
P-442,64.8,130.7,4.4,80,8,PVC,Medium,0
P-1521,71.1,117.5,3.8,58,4,HDPE,Medium,0
P-1137,70.9,124.3,3.8,71,4,PVC,Low,0
P-1716,39.1,215.3,9.3,84,18,HDPE,Low,1
P-1257,73.4,96.8,3.9,62,8,PVC,Low,0
P-1864,22.5,213.5,8.2,52,21,PVC,Low,1
P-1632,31.5,201,7.6,53,27,PVC,Low,1
P-1696,59.4,210.5,7.3,57,26,HDPE,Low,1
P-1398,60.1,132.3,4.5,76,9,Cast Iron,Low,0
P-664,62.3,95.8,4.4,65,4,HDPE,Low,0
P-1836,43.6,208.1,9.3,59,29,PVC,High,1
P-1258,67.1,99.3,3.1,59,6,PVC,Medium,0
P-1774,41.9,197.2,7.2,72,15,HDPE,Medium,1
P-1701,43.5,252,8.7,64,20,Cast Iron,High,1
P-318,63.4,100.7,4.7,66,5,PVC,Low,0
P-649,63.8,110.2,3.2,61,6,PVC,Medium,0
P-1435,64.2,144.1,4.5,79,1,HDPE,High,0
P-1480,62.8,130.8,4,57,3,PVC,Medium,0
P-710,73.5,133.5,3.8,63,4,PVC,Low,0
P-1383,75.8,113.2,4.8,79,8,Cast Iron,Medium,0
P-1283,68.5,77.7,4.8,74,8,HDPE,Low,0
P-973,69.2,89.5,4.4,56,7,PVC,Low,0
P-628,64.4,120.5,3.6,52,5,Cast Iron,Low,0
P-633,64.2,113,4.8,59,4,PVC,Low,0
P-1307,65.1,118,4.9,84,5,HDPE,High,0
P-1401,59.8,117.4,4.3,82,8,PVC,Low,0
P-1409,63.4,106.7,4.2,58,2,HDPE,Low,0
P-1249,66.2,113.4,4.2,73,9,HDPE,High,0
P-1953,30.9,285.5,8.6,79,24,HDPE,Medium,1
P-1255,71.1,115.5,4.9,82,8,Cast Iron,High,0
P-1497,75.3,122.2,3.8,57,7,HDPE,Low,0
P-1372,73.6,92.1,3.1,67,2,Cast Iron,High,0
P-1530,59.4,94.2,4.2,80,8,HDPE,Medium,0
P-1664,33.9,229.4,8.5,54,15,PVC,Medium,1
P-1355,62.1,101.1,4.9,61,8,PVC,Low,0
P-1926,30.8,209.9,9.7,63,23,HDPE,Low,1
P-1901,47,203.3,6.7,65,28,HDPE,Low,1
P-1644,44.5,218.9,8,79,15,HDPE,High,1
P-1849,49.7,215.5,9.8,84,18,PVC,High,1
P-796,70.3,97.3,3.5,51,8,Cast Iron,High,0
P-646,63.6,98.2,3.6,57,8,PVC,Low,0
P-1013,75.4,90.7,3.5,78,1,HDPE,Low,0
P-1840,37.9,210.7,9.9,58,14,PVC,High,1
P-557,62.6,70.5,4.1,69,8,Steel,Low,0
P-682,59.4,105.5,4.6,50,2,Steel,Medium,0
P-578,68.9,125,4.2,82,9,HDPE,Medium,0
P-1110,74.6,82,3.4,66,1,HDPE,Medium,0
P-1267,64.4,96.8,3.9,65,9,PVC,High,0
P-1723,47.4,170.9,8.1,75,11,Cast Iron,Low,1
P-1184,57.1,105,4.1,54,4,PVC,Low,0
P-525,61.2,123.8,3.7,66,8,Cast Iron,Medium,0
P-1060,63.1,104.1,4.5,59,7,Steel,Medium,0
P-541,69.2,99.4,4.6,75,7,HDPE,Low,0
P-1195,57,87,5,59,6,PVC,Low,0
P-1679,50,255.8,7.5,75,15,HDPE,Low,1
P-749,61.9,115.8,4.7,80,1,HDPE,Medium,0
P-1852,57.8,234.8,8.5,51,18,PVC,High,1
P-1431,66.5,117,3.9,71,2,HDPE,High,0
P-485,61.2,101.8,3.2,75,1,HDPE,Low,0
P-1758,49.5,281.3,7.9,68,13,HDPE,Low,1
P-096,57.7,108.9,3.3,55,1,HDPE,Medium,0
P-1021,67.6,128,3.7,61,4,PVC,Medium,0
P-564,63.4,113.8,3.1,77,8,PVC,High,0
P-1265,65.8,120,3.3,69,7,PVC,Medium,0
P-743,61.9,110.7,3.1,60,5,Steel,High,0
P-864,74,120.2,4.5,65,1,Cast Iron,Low,0
P-1599,65.1,115,3.7,76,3,HDPE,Medium,0
P-1715,34.6,250.4,9.8,82,28,PVC,Low,1
P-1485,66.1,94.8,3.7,69,3,PVC,Low,0
P-892,67.5,78,4.5,55,2,PVC,Low,0
P-1578,70.8,100.4,4.7,71,1,PVC,Medium,0
P-1039,66.1,95.6,5,69,9,Cast Iron,Medium,0
P-207,67.6,132.3,4.9,60,1,PVC,Low,0
P-393,58.4,87.6,3.5,52,4,Steel,Medium,0
P-795,59.6,109.5,4.5,59,1,HDPE,Medium,0
P-871,64.1,100.4,3,51,6,HDPE,Low,0
P-398,71.8,94.9,3.7,78,6,Steel,High,0
P-767,64.8,109.5,4.2,77,4,PVC,Low,0
P-1842,21.2,198.7,7.3,63,24,PVC,Low,1
P-1242,64,153,3.5,75,5,PVC,Medium,0
P-1029,68.1,102.4,3.7,72,4,PVC,Medium,0
P-1793,38.4,227.7,8.4,71,22,HDPE,Medium,1
P-643,63.7,97.3,4.4,81,7,PVC,Medium,0
P-1892,40.1,237.5,8.7,78,20,HDPE,Low,1
P-613,66.4,107,3.3,54,2,Cast Iron,Medium,0
P-1763,40.8,195.6,9.7,51,25,HDPE,Medium,1
P-961,68.2,97.6,4.6,64,1,HDPE,Low,0
P-1571,69,105.5,4,80,5,HDPE,Low,0
P-726,64.1,110.1,5,72,6,PVC,High,0
P-684,67.4,121,3.8,52,1,Cast Iron,High,0
P-099,65,86.7,3.9,83,1,Cast Iron,High,0
P-805,62.8,108.6,4.7,70,8,HDPE,Low,0
P-1752,46.8,229.9,9.9,52,18,PVC,High,1
P-1598,75.3,125.1,3.3,58,8,PVC,Low,0
P-407,59.7,90.5,4.5,70,4,PVC,Low,0
P-503,58,105,4.3,62,9,PVC,Medium,0
P-1072,67.4,135.5,4.8,52,9,HDPE,High,0
P-1057,64.9,101.7,3.3,52,5,PVC,High,0
P-930,64.7,124.8,3.3,50,8,HDPE,High,0
P-780,68.1,117.2,4.9,81,9,Cast Iron,Low,0
P-201,66.8,137.1,3.6,59,7,HDPE,Low,0
P-135,60.4,104.7,4.6,74,1,Cast Iron,Low,0
P-1052,67,99.4,5,80,8,PVC,Low,0
P-041,68.7,99.6,4.2,77,7,PVC,Low,0
P-1018,62.6,67.5,3,79,1,HDPE,Medium,0
P-231,61.3,99.7,4.5,75,6,HDPE,Low,0
P-1514,55.7,83.8,3.8,50,6,PVC,Medium,0
P-1797,36.8,215.1,8.5,56,23,HDPE,Medium,1
P-379,75.9,103.8,3.6,53,4,PVC,Low,0
P-289,66.4,101,4.2,70,8,Cast Iron,Low,0
P-419,70.9,115.9,3.3,50,5,Cast Iron,High,0
P-1699,45.1,248,6.9,76,25,HDPE,Medium,1
P-392,67.5,96.1,3.6,52,6,HDPE,High,0
P-593,67.4,109.4,4.2,67,2,HDPE,Medium,0
P-1523,63.9,95.5,4.5,84,5,PVC,Low,0
P-1163,58.1,103.1,3.8,71,7,HDPE,Low,0
P-1087,70.2,109.2,3.3,57,9,PVC,Low,0
P-1496,75,139,4.1,60,4,PVC,Medium,0
P-648,64.7,88.9,3.3,66,7,HDPE,Low,0
P-1153,61.8,66.4,3.2,57,9,HDPE,Medium,0
P-1368,60.3,112.7,4.1,72,1,Steel,Low,0
P-521,56.7,112.6,3.1,68,3,HDPE,Medium,0
P-1863,47.9,219.8,9.8,59,18,PVC,High,1
P-065,69.1,114,4.2,81,3,PVC,Low,0
P-1837,28.6,257.1,9.5,57,26,Cast Iron,Medium,1
P-015,56.4,122.4,4.5,68,9,PVC,Medium,0
P-1181,65.9,124.7,3.7,58,3,PVC,Low,0
P-1065,63.2,87.3,3.8,56,5,HDPE,Medium,0
P-493,65.4,102.6,4.9,75,9,HDPE,Medium,0
P-380,61,113.9,3.5,77,6,PVC,Low,0
P-188,64.6,106,4.8,56,8,PVC,Low,0
P-764,64.5,100.5,4.2,50,6,Steel,Medium,0
P-217,61.1,103.4,3.2,63,7,HDPE,Medium,0
P-792,66,101.6,3.8,56,4,Steel,Low,0
P-1077,57.2,121.6,4.3,61,5,HDPE,Medium,0
P-879,64.9,114.4,3.3,67,7,PVC,Low,0
P-338,63.4,110.7,4.1,67,5,HDPE,High,0
P-1773,33.8,196.5,9.7,68,15,PVC,Low,1
P-720,64.7,111.9,4.3,80,7,PVC,Medium,0
P-1749,41.9,262.9,8.2,57,12,PVC,Medium,1
P-296,61.5,117.8,3.7,80,2,Cast Iron,High,0
P-1726,50.9,237.5,7.6,81,20,HDPE,Low,1
P-1017,61.7,87.2,4.4,80,4,Cast Iron,Low,0
P-1276,65.7,130.3,5,83,1,PVC,Low,0
P-1751,13,202.4,9.9,59,19,Cast Iron,High,1
P-1486,69.7,102.3,3.1,63,8,PVC,High,0
P-456,61,132.3,3.2,56,4,Steel,Low,0
P-1997,39.7,157.7,7,64,25,Cast Iron,Low,1
P-816,57.6,122.2,4.8,72,4,PVC,Low,0
P-1887,31.9,154.1,9,54,28,Steel,Medium,1
P-270,65.7,108.8,4.9,73,7,HDPE,Low,0
P-996,63.6,111.2,3.7,79,4,HDPE,Low,0
P-202,67.8,107.1,4.6,66,6,PVC,Medium,0
P-162,68.9,113.7,3.8,76,2,PVC,Low,0
P-1580,60.9,94,4.7,66,8,PVC,High,0
P-730,61.1,102.7,3.2,51,3,Cast Iron,Low,0
P-402,62,112.7,4.4,76,5,PVC,Low,0
P-703,61.5,140.2,3.1,75,5,PVC,Low,0
P-1501,68.9,127.7,3.2,77,7,Steel,Medium,0
P-1846,29.7,244.8,9.7,62,26,Cast Iron,High,1
P-1796,32.5,210.2,7.1,52,14,Steel,High,1
P-1130,66.6,103.8,3.8,65,5,PVC,Low,0
P-566,63,103.9,4.7,82,3,HDPE,High,0
P-1414,75.8,97.5,4,68,5,HDPE,Medium,0
P-1022,62.1,103.1,4.1,60,2,PVC,Medium,0
P-1026,67.2,104.2,4.7,52,3,PVC,Low,0
P-1412,67.8,104,3,61,4,PVC,Low,0
P-1896,36.3,250,7.8,84,29,PVC,Medium,1
P-1586,68.5,90.6,3.6,67,7,HDPE,Low,0
P-1105,70.5,99.1,4.1,53,7,PVC,Low,0
P-206,60.3,117.1,3.7,58,2,PVC,Low,0
P-035,69.1,125.9,3.7,69,9,HDPE,Medium,0
P-776,57.1,105.7,4.5,57,6,PVC,High,0
P-509,65.2,89.7,3.1,71,5,HDPE,Low,0
P-1452,73.5,91.2,3.4,80,6,PVC,Medium,0
P-1479,60.6,127.3,3.7,75,5,Cast Iron,Low,0
P-1971,45.9,208.1,8.8,77,18,PVC,High,1
P-1391,67.3,86.3,4.9,53,8,HDPE,Low,0
P-092,69.8,114.5,3.9,64,6,PVC,Low,0
P-1364,60.1,89.7,4.1,68,3,Cast Iron,Low,0
P-898,65.7,135.9,4.7,77,4,PVC,Low,0
P-565,71,96.6,4.2,65,7,HDPE,High,0
P-1370,60.6,112,3,75,7,Steel,High,0
P-777,61.4,106.2,3.6,62,7,HDPE,Medium,0
P-242,64.4,118.8,4.9,74,8,PVC,Low,0
P-014,55.4,95.9,4,51,7,Cast Iron,Low,0
P-316,65.1,116.3,4.9,50,4,HDPE,Low,0
P-601,68.8,81.9,4.3,74,2,HDPE,Low,0
P-388,74.4,96.1,4.9,50,7,Steel,Medium,0
P-1298,63.5,95.8,4.7,84,2,PVC,Low,0
P-167,69.1,97.8,3.1,71,4,PVC,Low,0
P-841,64.8,114.4,4.4,83,8,PVC,Medium,0
P-021,72.3,110.9,4.7,59,8,PVC,Low,0
P-647,51.5,104.4,3.2,50,1,PVC,Low,0
P-1843,34.5,249.4,7.5,77,11,PVC,High,1
P-1509,65.4,117.5,4.8,74,7,PVC,Low,0
P-1155,73.2,94.4,3.2,77,2,HDPE,Medium,0
P-1529,62.6,82.5,4.1,72,2,HDPE,Low,0
P-832,60.4,96.1,3.8,67,8,HDPE,Low,0
P-1268,60.5,104.3,3.6,78,7,PVC,Low,0
P-1591,59.6,126,3.7,62,3,HDPE,Low,0
P-1900,37,231.4,8.6,54,18,PVC,Low,1
P-563,69.4,96.1,3.4,76,4,HDPE,High,0
P-1952,52.6,195,9.3,83,12,PVC,High,1
P-687,63.8,117,3.9,84,7,HDPE,Low,0
P-958,67.3,106.5,3.2,62,4,Cast Iron,Low,0
P-190,57.4,118.8,4.7,76,1,Cast Iron,Low,0
P-1807,42.7,221,9.2,71,16,PVC,High,1
P-976,55.6,111.6,4,52,4,PVC,Low,0
P-700,64.1,129.9,4.4,52,4,Steel,Medium,0
P-1500,68,104.6,3,73,8,PVC,Medium,0
P-1706,37.6,229.2,8.1,83,14,HDPE,Low,1
P-511,66.4,117.2,4.7,82,3,PVC,High,0
P-1083,63.4,80.5,3.4,82,7,Steel,Low,0
P-475,73.2,114.6,3.2,75,1,Steel,Low,0
P-1585,67.1,111.1,3.5,70,6,PVC,Low,0
P-857,60.8,99.2,4.2,66,5,PVC,Low,0
P-748,61.2,92.7,4,65,2,Cast Iron,Low,0
P-253,75.6,88.2,3.1,66,5,HDPE,Medium,0
P-022,63.9,114.2,3.2,76,9,Cast Iron,Low,0
P-1338,63.5,107.8,4.9,83,3,PVC,High,0
P-460,59,117.1,3.3,79,8,Cast Iron,Low,0
P-1185,60.1,98.3,4.2,54,7,PVC,Low,0
P-277,66,120.2,3.9,64,4,HDPE,Low,0
P-956,70.6,136.2,3.3,82,3,PVC,Low,0
P-1216,71.2,136.7,3.9,78,8,PVC,Low,0
P-386,65.8,98.6,3.8,72,3,HDPE,Medium,0
P-806,63.5,83.4,4.3,50,7,PVC,Low,0
P-1438,73,90.9,4.4,84,2,HDPE,Medium,0
P-1516,64.4,117.1,3.1,67,2,HDPE,Low,0
P-344,62.5,102.1,3.8,63,4,HDPE,Medium,0
P-770,74.1,107.1,3.3,74,8,Cast Iron,Low,0
P-1333,63.9,133.8,3.1,68,6,Steel,Low,0
P-1686,51.9,194.5,8.5,74,12,HDPE,Low,1
P-131,57.2,116.6,4.3,75,4,HDPE,High,0
P-1688,42,227.9,7.5,64,24,PVC,Medium,1
P-872,61,116.9,4.8,62,5,PVC,High,0
P-1124,59.3,104.6,3.3,64,4,PVC,Medium,0
P-1397,58.3,117.6,4.9,75,4,HDPE,Low,0
P-088,66.6,107.8,3.5,77,5,Steel,Medium,0
P-1483,73.6,104.6,4.5,81,2,PVC,Low,0
P-331,64.9,105.6,4.9,79,6,Cast Iron,Medium,0
P-1239,67.8,112.8,3.7,55,7,Steel,High,0
P-467,68.1,98.6,4.1,57,5,Cast Iron,Low,0
P-122,60.5,121.8,4.9,78,5,Cast Iron,Low,0
P-1639,60.6,216.3,6.8,54,27,PVC,High,1
P-1045,64.1,120.7,4.3,63,3,PVC,High,0
P-1725,30.6,201.3,9.9,62,27,PVC,Low,1
P-1096,64.6,129.2,5,55,8,PVC,Low,0
P-1131,66.6,108.7,4.8,82,9,HDPE,Medium,0
P-1295,65.4,91.9,3.7,53,4,Cast Iron,Low,0
P-861,66,102,3.5,84,9,HDPE,High,0
P-1460,68.4,92.4,4.8,73,8,PVC,Low,0
P-1127,66.5,81.4,3.4,66,4,Cast Iron,Low,0
